Employee_Name,EmpID,MarriedID,MaritalStatusID,GenderID,EmpStatusID,DeptID,PerfScoreID,FromDiversityJobFairID, Salary ,Termd,PositionID,Position,State,Zip,DOB,Age ,Sex,MaritalDesc,CitizenDesc,HispanicLatino,RaceDesc,DateofHire,,DateofTermination,TermReason,EmploymentStatus,Department,ManagerName,ManagerID,RecruitmentSource,PerformanceScore,EngagementSurvey,EmpSatisfaction,SpecialProjectsCount,LastPerformanceReview_Date,DaysLateLast30,Absences
"Adinolfi, Wilson  K",10026,0,0,1,1,5,4,0," $62,506 ",0,19,Production Technician I,MA,1960,1983-10-07,39,M ,Single,US Citizen,No,White,2011-05-07,1900-01-12,,N/A-StillEmployed,Active,Production       ,Michael Albert,22,LinkedIn,Exceeds,4.6,5,0,2019-01-17,0,1
"Ait Sidi, Karthikeyan   ",10084,1,1,1,5,3,3,0," $104,437 ",1,27,Sr. DBA,MA,2148,1975-05-05,48,M ,Married,US Citizen,No,White,2015-03-30,,2016-06-16,career change,Voluntarily Terminated,IT/IS,Simon Roup,4,Indeed,Fully Meets,4.96,3,6,2016-02-24,0,17
"Akinkuolie, Sarah",10196,1,1,0,5,5,3,0," $64,955 ",1,20,Production Technician II,MA,1810,1988-09-19,34,F,Married,US Citizen,No,White,2011-05-07,,2012-09-24,hours,Voluntarily Terminated,Production       ,Kissy Sullivan,20,LinkedIn,Fully Meets,3.02,3,0,2012-05-15,0,3
"Alagbe,Trina",10088,1,1,0,1,5,3,0," $64,991 ",0,19,Production Technician I,MA,1886,1988-09-27,34,F,Married,US Citizen,No,White,2008-07-01,,,N/A-StillEmployed,Active,Production       ,Elijiah Gray,16,Indeed,Fully Meets,4.84,5,0,2019-03-01,0,15
"Anderson, Carol ",10069,0,2,0,5,5,3,0," $50,825 ",1,19,Production Technician I,MA,2169,1989-08-09,33,F,Divorced,US Citizen,No,White,2011-11-07,,2016-09-06,return to school,Voluntarily Terminated,Production       ,Webster Butler,39,Google Search,Fully Meets,5,4,0,2016-01-02,0,2
"Anderson, Linda  ",10002,0,0,0,1,5,4,0," $57,568 ",0,19,Production Technician I,MA,1844,1977-05-22,45,F,Single,US Citizen,No,White,2012-09-01,,,N/A-StillEmployed,Active,Production       ,Amy Dunn,11,LinkedIn,Exceeds,5,5,0,2019-07-01,0,15
"Andreola, Colby",10194,0,0,0,1,4,3,0," $95,660 ",0,24,Software Engineer,MA,2110,1979-05-24,43,F,Single,US Citizen,No,White,2014-10-11,,,N/A-StillEmployed,Active,Software Engineering,Alex Sweetwater,10,LinkedIn,Fully Meets,3.04,3,4,2019-02-01,0,19
"Athwal, Sam",10062,0,4,1,1,5,3,0," $59,365 ",0,19,Production Technician I,MA,2199,1983-02-18,40,M ,Widowed,US Citizen,No,White,2013-09-30,,,N/A-StillEmployed,Active,Production       ,Ketsia Liebig,19,Employee Referral,Fully Meets,5,4,0,2019-02-25,0,19
"Bachiochi, Linda",10114,0,0,0,3,5,3,1," $47,837 ",0,19,Production Technician I,MA,1902,1970-11-02,52,F,Single,US Citizen,No,Black or African American,2009-06-07,,,N/A-StillEmployed,Active,Production       ,Brannon Miller,12,Diversity Job Fair,Fully Meets,4.46,3,0,2019-01-25,0,4
"Bacong, Alejandro ",10250,0,2,1,1,3,3,0," $50,178 ",0,14,IT Support,MA,1886,1988-07-01,34,M ,Divorced,US Citizen,No,White,2015-05-01,,,N/A-StillEmployed,Active,IT/IS,Peter Monroe,7,Indeed,Fully Meets,5,5,6,2019-02-18,0,16
"Baczenski, Rachael  ",10252,1,1,0,5,5,3,1," $54,670 ",1,19,Production Technician I,MA,1902,1974-12-01,48,F,Married,US Citizen,Yes,Black or African American,2011-10-01,,2017-01-12,Another position,Voluntarily Terminated,Production       ,David Stanley,14,Diversity Job Fair,Fully Meets,4.2,4,0,2016-01-30,0,12
"Barbara, Thomas",10242,1,1,1,5,5,3,1," $47,211 ",1,19,Production Technician I,MA,2062,1974-02-21,49,M ,Married,US Citizen,Yes,Black or African American,2012-02-04,,2016-09-19,unhappy,Voluntarily Terminated,Production       ,Kissy Sullivan,20,Diversity Job Fair,Fully Meets,4.2,3,0,2016-06-05,0,15
"Barbossa, Hector",10012,0,2,1,1,3,4,1," $92,328 ",0,9,Data Analyst,TX,78230,1988-04-07,35,M ,Divorced,US Citizen,No,Black or African American,2014-10-11,,,N/A-StillEmployed,Active,IT/IS,Simon Roup,4,Diversity Job Fair,Exceeds,4.28,4,5,2019-02-25,0,9
"Barone, Francesco  A",10265,0,0,1,1,5,3,0," $58,709 ",0,19,Production Technician I,MA,1810,1983-07-20,39,M ,Single,US Citizen,No,Two or more races,2012-02-20,,,N/A-StillEmployed,Active,Production       ,Kelley Spirea,18,Google Search,Fully Meets,4.6,4,0,2019-02-14,0,7
"Barton, Nader",10066,0,2,1,5,5,3,0," $52,505 ",1,19,Production Technician I,MA,2747,1977-07-15,45,M ,Divorced,US Citizen,No,White,2012-09-24,,2017-04-06,Another position,Voluntarily Terminated,Production       ,Michael Albert,22,On-line Web application,Fully Meets,5,5,0,2017-02-03,0,1
"Bates, Norman",10061,0,0,1,4,5,3,0," $57,834 ",1,19,Production Technician I,MA,2050,1981-10-18,41,M ,Single,US Citizen,No,White,2011-02-21,,2017-08-04,attendance,Terminated for Cause,Production       ,Kelley Spirea,18,Google Search,Fully Meets,5,4,0,2017-05-04,0,20
"Beak, Kimberly  ",10023,1,1,0,2,5,4,0," $70,131 ",0,20,Production Technician II,MA,2145,1966-04-17,57,F,Married,US Citizen,No,White,2016-07-21,,,N/A-StillEmployed,Active,Production       ,Kelley Spirea,18,Employee Referral,Exceeds,4.4,3,0,2019-01-14,0,16
"Beatrice, Courtney ",10055,0,0,0,1,5,3,0," $59,026 ",0,19,Production Technician I,MA,1915,1970-10-27,52,F,Single,Eligible NonCitizen,No,White,2011-04-04,,,N/A-StillEmployed,Active,Production       ,Elijiah Gray,16,Google Search,Fully Meets,5,5,0,2019-01-14,0,12
"Becker, Renee",10245,0,0,0,4,3,3,0," $110,000 ",1,8,Database Administrator,MA,2026,1986-04-04,37,F,Single,US Citizen,Yes,White,2014-07-07,,2015-09-12,performance,Terminated for Cause,IT/IS,Simon Roup,4,Google Search,Fully Meets,4.5,4,5,2015-01-15,0,8
"Becker, Scott",10277,0,0,1,3,5,3,0," $53,250 ",0,19,Production Technician I,MA,2452,1979-06-04,43,M ,Single,US Citizen,No,Asian,2013-08-07,,,N/A-StillEmployed,Active,Production       ,Webster Butler,,LinkedIn,Fully Meets,4.2,4,0,2019-11-01,0,13
"Bernstein, Sean",10046,0,0,1,1,5,3,0," $51,044 ",0,19,Production Technician I,MA,2072,1970-12-22,52,M ,Single,US Citizen,Yes,White,2012-02-04,,,N/A-StillEmployed,Active,Production       ,Amy Dunn,11,Google Search,Fully Meets,5,3,0,2019-01-14,0,13
"Biden, Lowan  M",10226,0,2,0,1,5,3,0," $64,919 ",0,19,Production Technician I,MA,2027,1958-12-27,64,F,Divorced,US Citizen,No,Asian,2013-08-19,,,N/A-StillEmployed,Active,Production       ,Ketsia Liebig,19,Indeed,Fully Meets,4.2,3,0,2019-10-01,0,2
"Billis, Helen",10003,1,1,0,1,5,4,0," $62,910 ",0,19,Production Technician I,MA,2031,1989-01-09,34,F,Married,US Citizen,No,White,2014-07-07,,,N/A-StillEmployed,Active,Production       ,Brannon Miller,12,Indeed,Exceeds,5,3,0,2019-02-27,0,19
"Blount, Dianna",10294,0,0,0,1,5,2,0," $66,441 ",0,20,Production Technician II,MA,2171,1990-09-21,32,F,Single,US Citizen,No,White,2011-04-04,,,N/A-StillEmployed,Active,Production       ,Michael Albert,22,CareerBuilder,Needs Improvement,2,3,0,2019-02-27,2,3
"Bondwell, Betsy",10267,0,0,0,5,5,3,0," $57,815 ",1,20,Production Technician II,MA,2210,1967-01-16,56,F,Single,US Citizen,No,White,2011-10-01,,2014-04-04,career change,Voluntarily Terminated,Production       ,Elijiah Gray,16,Google Search,Fully Meets,4.8,5,0,2014-04-03,0,5
"Booth, Frank",10199,0,0,1,4,3,3,0," $103,613 ",1,30,Enterprise Architect,CT,6033,1964-07-30,58,M ,Single,US Citizen,No,Black or African American,2014-02-17,,2016-02-19,Learned that he is a gangster,Terminated for Cause,IT/IS,Simon Roup,4,LinkedIn,Fully Meets,3.5,5,7,2016-10-01,0,2
"Boutwell, Bonalyn",10081,1,1,0,1,1,3,1," $106,367 ",0,26,Sr. Accountant,MA,2468,1987-04-04,36,F,Married,US Citizen,No,Black or African American,2015-02-16,,,N/A-StillEmployed,Active,Admin Offices,Brandon R. LeBlanc,3,Diversity Job Fair,Fully Meets,5,4,3,2019-02-18,0,4
"Bozzi, Charles",10175,0,0,1,5,5,3,0," $74,312 ",1,18,Production Manager,MA,1901,1970-10-03,52,M ,Single,US Citizen,No,Asian,2013-09-30,,2014-08-07,retiring,Voluntarily Terminated,Production       ,Janet King,2,Indeed,Fully Meets,3.39,3,0,2014-02-20,0,14
"Brill, Donna",10177,1,1,0,5,5,3,0," $53,492 ",1,19,Production Technician I,MA,1701,1990-08-24,32,F,Married,US Citizen,No,White,2012-02-04,,2013-06-15,Another position,Voluntarily Terminated,Production       ,David Stanley,14,Google Search,Fully Meets,3.35,4,0,2013-04-03,0,6
"Brown, Mia",10238,1,1,0,1,1,3,1," $63,000 ",0,1,Accountant I,MA,1450,1987-11-24,35,F,Married,US Citizen,No,Black or African American,2008-10-27,,,N/A-StillEmployed,Active,Admin Offices,Brandon R. LeBlanc,1,Diversity Job Fair,Fully Meets,4.5,2,6,2019-01-15,0,14
"Buccheri, Joseph  ",10184,0,0,1,1,5,3,0," $65,288 ",0,20,Production Technician II,MA,1013,1983-07-28,39,M ,Single,US Citizen,No,White,2014-09-29,,,N/A-StillEmployed,Active,Production       ,Webster Butler,,Google Search,Fully Meets,3.19,3,0,2019-01-02,0,9
"Bugali, Josephine ",10203,0,3,0,3,5,3,1," $64,375 ",0,19,Production Technician I,MA,2043,1969-10-30,53,F,Separated,US Citizen,No,Black or African American,2013-11-11,,,N/A-StillEmployed,Active,Production       ,Kissy Sullivan,20,Diversity Job Fair,Fully Meets,3.5,5,0,2019-01-21,0,17
"Bunbury, Jessica",10188,1,1,0,5,6,3,0," $74,326 ",1,3,Area Sales Manager,VA,21851,1964-01-06,59,F,Married,Eligible NonCitizen,No,Black or African American,2011-08-15,,2014-08-02,Another position,Voluntarily Terminated,Sales,John Smith,17,Google Search,Fully Meets,3.14,5,0,2013-10-02,1,19
"Burke, Joelle",10107,0,0,0,1,5,3,0," $63,763 ",0,20,Production Technician II,MA,2148,1980-02-03,43,F,Single,US Citizen,No,Black or African American,2012-05-03,,,N/A-StillEmployed,Active,Production       ,Amy Dunn,11,Employee Referral,Fully Meets,4.51,4,0,2019-02-21,0,3
"Burkett, Benjamin ",10181,1,1,1,1,5,3,0," $62,162 ",0,20,Production Technician II,MA,1890,1977-08-19,45,M ,Married,US Citizen,No,White,2011-04-04,,,N/A-StillEmployed,Active,Production       ,Ketsia Liebig,19,Indeed,Fully Meets,3.25,5,0,2019-01-14,0,15
"Cady, Max ",10150,0,0,1,1,4,3,0," $77,692 ",0,25,Software Engineering Manager,MA,2184,1966-11-22,56,M ,Single,US Citizen,No,White,2011-08-15,,,N/A-StillEmployed,Active,Software Engineering,Jennifer Zamora,5,Google Search,Fully Meets,3.84,3,5,2019-01-21,0,4
"Candie, Calvin",10001,0,0,1,1,5,4,0," $72,640 ",0,18,Production Manager,MA,2169,1983-09-08,39,M ,Single,US Citizen,No,White,2016-01-28,,,N/A-StillEmployed,Active,Production       ,Janet King,2,Indeed,Exceeds,5,3,0,2019-02-22,0,14
"Carabbio, Judith",10085,0,0,0,1,4,3,0," $93,396 ",0,24,Software Engineer,MA,2132,1987-05-04,36,F,Single,US Citizen,No,White,2013-11-11,,,N/A-StillEmployed,Active,Software Engineering,Alex Sweetwater,10,Indeed,Fully Meets,4.96,4,6,2019-01-30,0,3
"Carey, Michael  ",10115,0,0,1,1,5,3,0," $52,846 ",0,19,Production Technician I,MA,1701,1983-02-02,40,M ,Single,US Citizen,No,Black or African American,2014-03-31,,,N/A-StillEmployed,Active,Production       ,Kelley Spirea,18,LinkedIn,Fully Meets,4.43,3,0,2019-01-02,0,14
"Carr, Claudia  N",10082,0,0,0,2,3,3,0," $100,031 ",0,27,Sr. DBA,MA,1886,1986-06-06,36,F,Single,US Citizen,No,Black or African American,2016-06-30,,,N/A-StillEmployed,Active,IT/IS,Simon Roup,4,LinkedIn,Fully Meets,5,5,6,2019-02-18,0,7
"Carter, Michelle ",10040,0,0,0,1,6,3,0," $71,860 ",0,3,Area Sales Manager,VT,5664,1963-05-15,60,F,Single,US Citizen,No,White,2014-08-18,,,N/A-StillEmployed,Active,Sales,John Smith,17,Indeed,Fully Meets,5,5,0,2019-01-21,0,7
"Chace, Beatrice ",10067,0,0,0,1,5,3,0," $61,656 ",0,19,Production Technician I,MA,2763,1951-02-01,72,F,Single,US Citizen,No,White,2014-09-29,,,N/A-StillEmployed,Active,Production       ,Michael Albert,22,Google Search,Fully Meets,5,4,0,2019-12-02,0,11
"Champaigne, Brian",10108,1,1,1,1,3,3,0," $110,929 ",0,5,BI Director,MA,2045,1972-09-02,50,M ,Married,US Citizen,No,White,2016-06-09,,,N/A-StillEmployed,Active,IT/IS,Jennifer Zamora,5,Indeed,Fully Meets,4.5,5,7,2019-01-15,0,8
"Chan, Lin",10210,0,0,0,1,5,3,0," $54,237 ",0,19,Production Technician I,MA,2170,1979-12-02,43,F,Single,US Citizen,No,White,2014-12-05,,,N/A-StillEmployed,Active,Production       ,Elijiah Gray,16,Indeed,Fully Meets,3.3,4,0,2019-02-19,0,11
"Chang, Donovan  E",10154,0,0,1,1,5,3,0," $60,380 ",0,19,Production Technician I,MA,1845,1983-08-24,39,M ,Single,US Citizen,No,White,2013-08-07,,,N/A-StillEmployed,Active,Production       ,Webster Butler,,LinkedIn,Fully Meets,3.8,5,0,2019-01-14,0,4
"Chigurh, Anton",10200,0,0,1,1,6,3,0," $66,808 ",0,3,Area Sales Manager,TX,78207,1970-11-06,52,M ,Single,Eligible NonCitizen,No,Black or African American,2012-05-14,,,N/A-StillEmployed,Active,Sales,Lynn Daneault,21,Employee Referral,Fully Meets,3,5,0,2019-01-19,0,17
"Chivukula, Enola",10240,0,0,0,5,5,3,0," $64,786 ",1,19,Production Technician I,MA,1775,1983-08-27,39,F,Single,US Citizen,No,White,2011-06-27,,2015-11-15,relocation out of area,Voluntarily Terminated,Production       ,Amy Dunn,11,Indeed,Fully Meets,4.3,4,0,2015-10-03,0,3
"Cierpiszewski, Caroline  ",10168,0,0,0,1,5,3,0," $64,816 ",0,19,Production Technician I,MA,2044,1988-05-31,34,F,Single,Non-Citizen,No,Black or African American,2011-03-10,,,N/A-StillEmployed,Active,Production       ,Ketsia Liebig,19,Indeed,Fully Meets,3.58,5,0,2019-01-30,0,3
"Clayton, Rick",10220,0,0,1,1,3,3,0," $68,678 ",0,14,IT Support,MA,2170,1985-05-09,38,M ,Single,US Citizen,No,White,2012-05-09,,,N/A-StillEmployed,Active,IT/IS,Eric Dougall,6,Indeed,Fully Meets,4.7,3,6,2019-02-27,0,2
"Cloninger, Jennifer",10275,1,1,0,5,5,3,0," $64,066 ",1,20,Production Technician II,MA,1752,1981-08-31,41,F,Married,US Citizen,No,White,2011-05-16,,2013-01-07,unhappy,Voluntarily Terminated,Production       ,Brannon Miller,12,Google Search,Fully Meets,4.2,5,0,2012-03-05,0,9
"Close, Phil",10269,1,1,1,5,5,3,0," $59,369 ",1,20,Production Technician II,MA,2169,1978-11-25,44,M ,Married,US Citizen,No,White,2010-08-30,,2011-09-26,career change,Voluntarily Terminated,Production       ,David Stanley,14,Indeed,Fully Meets,4.2,4,0,2011-04-05,0,6
"Clukey, Elijian",10029,1,1,1,2,5,4,0," $50,373 ",0,19,Production Technician I,MA,2134,1980-08-26,42,M ,Married,US Citizen,No,White,2016-06-07,,,N/A-StillEmployed,Active,Production       ,Brannon Miller,12,Employee Referral,Exceeds,4.1,4,0,2019-02-28,0,5
"Cockel, James",10261,0,0,1,1,5,3,0," $63,108 ",0,19,Production Technician I,MA,2452,1977-08-09,45,M ,Single,US Citizen,No,White,2013-08-07,,,N/A-StillEmployed,Active,Production       ,David Stanley,14,Employee Referral,Fully Meets,4.4,5,0,2019-01-14,0,3
"Cole, Spencer",10292,0,0,1,4,5,2,0," $59,144 ",1,19,Production Technician I,MA,1880,1979-12-08,43,M ,Single,US Citizen,No,Black or African American,2011-11-07,,2016-09-23,performance,Terminated for Cause,Production       ,Kissy Sullivan,20,LinkedIn,Needs Improvement,2,3,0,2016-01-05,5,16
"Corleone, Michael",10282,0,2,1,1,5,2,0," $68,051 ",0,18,Production Manager,MA,1803,1975-12-17,47,M ,Divorced,US Citizen,No,White,2010-07-20,,,N/A-StillEmployed,Active,Production       ,Janet King,2,CareerBuilder,Needs Improvement,4.13,2,0,2019-01-14,3,3
"Corleone, Vito",10019,0,0,1,1,5,4,0," $170,500 ",0,10,Director of Operations,MA,2030,1983-03-19,40,M ,Single,US Citizen,No,Black or African American,2009-05-01,,,N/A-StillEmployed,Active,Production       ,Janet King,2,Indeed,Exceeds,3.7,5,0,2019-04-02,0,15
"Cornett, Lisa ",10094,1,1,0,1,5,3,0," $63,381 ",0,19,Production Technician I,MA,2189,1977-03-31,46,F,Married,US Citizen,Yes,White,2015-05-01,,,N/A-StillEmployed,Active,Production       ,Kelley Spirea,18,Indeed,Fully Meets,4.73,5,0,2019-02-14,0,6
"Costello, Frank",10193,1,1,1,1,3,3,0," $83,552 ",0,9,Data Analyst,MA,1810,1986-08-26,36,M ,Married,US Citizen,No,White,2015-03-30,,,N/A-StillEmployed,Active,IT/IS,Simon Roup,4,Indeed,Fully Meets,3.04,3,6,2019-01-22,0,2
"Crimmings,   Jean",10132,0,0,0,2,5,3,0," $56,149 ",0,19,Production Technician I,MA,1821,1987-10-04,35,F,Single,US Citizen,No,White,2016-06-07,,,N/A-StillEmployed,Active,Production       ,Michael Albert,22,LinkedIn,Fully Meets,4.12,5,0,2019-01-28,0,15
"Cross, Noah",10083,0,0,1,1,3,3,0," $92,329 ",0,28,Sr. Network Engineer,CT,6278,1965-09-09,57,M ,Single,US Citizen,No,White,2014-10-11,,,N/A-StillEmployed,Active,IT/IS,Peter Monroe,7,Employee Referral,Fully Meets,5,3,4,2019-02-01,0,5
"Daneault, Lynn",10099,0,0,0,1,6,3,0," $65,729 ",0,21,Sales Manager,VT,5473,1990-04-19,33,F,Single,US Citizen,No,White,2014-05-05,,,N/A-StillEmployed,Active,Sales,Debra Houlihan,15,Indeed,Fully Meets,4.62,4,0,2019-01-24,0,8
"Daniele, Ann  ",10212,1,1,0,3,3,3,0," $85,028 ",0,28,Sr. Network Engineer,CT,6033,1952-01-18,71,F,Married,US Citizen,No,White,2014-10-11,,,N/A-StillEmployed,Active,IT/IS,Peter Monroe,7,LinkedIn,Fully Meets,3.1,5,8,2019-12-02,0,19
"Darson, Jene'ya ",10056,1,1,0,1,5,3,0," $57,583 ",0,19,Production Technician I,MA,2110,1978-05-11,45,F,Married,US Citizen,No,White,2012-02-07,,,N/A-StillEmployed,Active,Production       ,Elijiah Gray,16,Indeed,Fully Meets,5,3,0,2019-02-25,0,1
"Davis, Daniel",10143,0,0,1,1,5,3,0," $56,294 ",0,20,Production Technician II,MA,2458,1979-09-14,43,M ,Single,Eligible NonCitizen,No,Two or more races,2011-07-11,,,N/A-StillEmployed,Active,Production       ,Kissy Sullivan,20,LinkedIn,Fully Meets,3.96,4,0,2019-02-27,0,6
"Dee, Randy",10311,1,1,1,1,6,1,0," $56,991 ",0,19,Production Technician I,MA,2138,1988-04-15,35,M ,Married,US Citizen,No,White,2018-09-07,,,N/A-StillEmployed,Active,Production       ,Brannon Miller,12,Indeed,Fully Meets,4.3,4,3,2019-01-31,2,2
"DeGweck,  James",10070,1,1,1,5,5,3,0," $55,722 ",1,19,Production Technician I,MA,1810,1977-10-31,45,M ,Married,US Citizen,No,White,2011-05-16,,2016-06-08,unhappy,Voluntarily Terminated,Production       ,Webster Butler,39,Indeed,Fully Meets,5,4,0,2016-02-04,0,14
"Del Bosque, Keyla",10155,0,0,0,1,4,3,0," $101,199 ",0,24,Software Engineer,MA,2176,1979-05-07,44,F,Single,US Citizen,No,Black or African American,2012-09-01,,,N/A-StillEmployed,Active,Software Engineering,Alex Sweetwater,10,CareerBuilder,Fully Meets,3.79,5,5,2019-01-25,0,8
"Delarge, Alex",10306,0,0,1,1,6,1,0," $61,568 ",0,3,Area Sales Manager,AL,36006,1975-02-11,48,M ,Single,US Citizen,No,Two or more races,2014-09-29,,,N/A-StillEmployed,Active,Sales,John Smith,17,Indeed,PIP,1.93,3,0,2019-01-30,6,5
"Demita, Carla",10100,0,3,0,5,5,3,0," $58,275 ",1,20,Production Technician II,MA,2343,1951-02-25,72,F,Separated,US Citizen,No,Black or African American,2011-04-04,,2015-11-04,more money,Voluntarily Terminated,Production       ,Kelley Spirea,18,Google Search,Fully Meets,4.62,5,0,2015-06-05,0,1
"Desimone, Carl ",10310,1,1,1,1,5,1,0," $53,189 ",0,19,Production Technician I,MA,2061,1967-04-19,56,M ,Married,US Citizen,No,White,2014-07-07,,,N/A-StillEmployed,Active,Production       ,Amy Dunn,11,Indeed,PIP,1.12,2,0,2019-01-31,4,9
"DeVito, Tommy",10197,0,0,1,1,3,3,0," $96,820 ",0,4,BI Developer,MA,2045,1983-04-09,40,M ,Single,US Citizen,No,White,2017-02-15,,,N/A-StillEmployed,Active,IT/IS,Brian Champaigne,13,Indeed,Fully Meets,3.01,5,7,2019-01-23,0,15
"Dickinson, Geoff ",10276,0,0,1,1,5,3,0," $51,259 ",0,19,Production Technician I,MA,2180,1982-11-15,40,M ,Single,US Citizen,No,White,2014-12-05,,,N/A-StillEmployed,Active,Production       ,Ketsia Liebig,19,Indeed,Fully Meets,4.3,4,0,2019-02-19,0,1
"Dietrich, Jenna  ",10304,0,0,0,1,6,1,0," $59,231 ",0,3,Area Sales Manager,WA,98052,1987-05-14,36,F,Single,US Citizen,Yes,White,2012-02-20,,,N/A-StillEmployed,Active,Sales,John Smith,17,Website,PIP,2.3,1,0,2019-01-29,2,17
"DiNocco, Lily ",10284,1,1,0,1,5,2,0," $61,584 ",0,19,Production Technician I,MA,2351,1978-02-12,45,F,Married,US Citizen,No,Black or African American,2013-07-01,,,N/A-StillEmployed,Active,Production       ,Brannon Miller,12,Indeed,Needs Improvement,3.88,4,0,2019-01-18,0,6
"Dobrin, Denisa  S",10207,0,0,0,1,5,3,0," $46,335 ",0,19,Production Technician I,MA,2125,1986-07-10,36,F,Single,US Citizen,Yes,White,2012-02-04,,,N/A-StillEmployed,Active,Production       ,David Stanley,14,CareerBuilder,Fully Meets,3.4,5,0,2019-02-19,0,15
"Dolan, Linda",10133,1,1,0,1,3,3,0," $70,621 ",0,14,IT Support,MA,2119,1988-07-18,34,F,Married,US Citizen,No,White,2015-05-01,,,N/A-StillEmployed,Active,IT/IS,Peter Monroe,7,Employee Referral,Fully Meets,4.11,4,6,2019-02-25,0,16
"Dougall, Eric",10028,0,0,1,1,3,4,0," $138,888 ",0,13,IT Manager - Support,MA,1886,1970-09-07,52,M ,Single,US Citizen,No,Black or African American,2014-05-01,,,N/A-StillEmployed,Active,IT/IS,Jennifer Zamora,5,Indeed,Exceeds,4.3,5,5,2019-04-01,0,4
"Driver, Elle",10006,0,0,0,1,6,4,0," $74,241 ",0,3,Area Sales Manager,CA,90007,1988-08-11,34,F,Single,US Citizen,No,White,2011-10-01,,,N/A-StillEmployed,Active,Sales,Lynn Daneault,21,Indeed,Exceeds,4.77,5,0,2019-01-27,0,14
"Dunn, Amy  ",10105,0,0,0,1,5,3,0," $75,188 ",0,18,Production Manager,MA,1731,1973-11-28,49,F,Single,US Citizen,No,White,2014-09-18,,,N/A-StillEmployed,Active,Production       ,Janet King,2,Google Search,Fully Meets,4.52,4,0,2019-01-15,0,4
"Dunne, Amy",10211,1,1,0,1,5,3,0," $62,514 ",0,19,Production Technician I,MA,1749,1973-09-23,49,F,Married,US Citizen,No,White,2010-04-26,,,N/A-StillEmployed,Active,Production       ,Ketsia Liebig,19,Google Search,Fully Meets,2.9,3,0,2019-01-21,0,6
"Eaton, Marianne",10064,1,1,0,5,5,3,0," $60,070 ",1,19,Production Technician I,MA,2343,1991-05-09,32,F,Married,US Citizen,No,White,2011-04-04,,2017-06-06,military,Voluntarily Terminated,Production       ,Kissy Sullivan,20,Google Search,Fully Meets,5,3,0,2017-09-04,0,7
"Engdahl, Jean",10247,0,0,1,1,5,3,0," $48,888 ",0,19,Production Technician I,MA,2026,1974-05-31,48,M ,Single,US Citizen,No,White,2014-10-11,,,N/A-StillEmployed,Active,Production       ,Kelley Spirea,18,LinkedIn,Fully Meets,4.7,5,0,2019-02-13,0,8
"England, Rex",10235,1,1,1,1,5,3,0," $54,285 ",0,19,Production Technician I,MA,2045,1978-08-25,44,M ,Married,US Citizen,No,White,2014-03-31,,,N/A-StillEmployed,Active,Production       ,Kelley Spirea,18,Employee Referral,Fully Meets,4.2,3,0,2019-11-01,0,3
"Erilus, Angela",10299,0,3,0,1,5,1,0," $56,847 ",0,20,Production Technician II,MA,2133,1989-08-25,33,F,Separated,US Citizen,No,White,2014-07-07,,,N/A-StillEmployed,Active,Production       ,Michael Albert,22,Indeed,PIP,3,1,0,2019-02-25,2,5
"Estremera, Miguel",10280,0,0,1,4,5,2,0," $60,340 ",1,19,Production Technician I,MA,2129,1983-02-09,40,M ,Single,US Citizen,No,White,2012-02-04,,2018-09-27,attendance,Terminated for Cause,Production       ,Michael Albert,22,Google Search,Needs Improvement,5,4,0,2018-12-04,5,16
"Evensen, April",10296,0,0,0,4,5,2,0," $59,124 ",1,19,Production Technician I,MA,2458,1989-06-05,33,F,Single,US Citizen,No,White,2014-02-17,,2018-02-25,"no-call, no-show",Terminated for Cause,Production       ,Elijiah Gray,16,Google Search,Needs Improvement,2.3,3,0,2017-01-15,5,19
"Exantus, Susan",10290,1,1,0,4,4,2,0," $99,280 ",1,24,Software Engineer,MA,1749,1987-05-15,36,F,Married,US Citizen,No,Black or African American,2011-02-05,,2013-06-05,attendance,Terminated for Cause,Software Engineering,Alex Sweetwater,10,Indeed,Needs Improvement,2.1,5,4,2012-10-08,4,19
"Faller, Megan ",10263,1,1,0,1,5,3,0," $71,776 ",0,20,Production Technician II,MA,1824,1978-09-22,44,F,Married,US Citizen,No,Black or African American,2014-07-07,,,N/A-StillEmployed,Active,Production       ,Elijiah Gray,16,LinkedIn,Fully Meets,4.4,5,0,2019-02-22,0,17
"Fancett, Nicole",10136,0,0,0,1,5,3,0," $65,902 ",0,20,Production Technician II,MA,2324,1987-09-27,35,F,Single,US Citizen,No,Black or African American,2014-02-17,,,N/A-StillEmployed,Active,Production       ,Webster Butler,,LinkedIn,Fully Meets,4,4,0,2019-07-01,0,7
"Ferguson, Susan",10189,1,1,0,5,5,3,0," $57,748 ",1,19,Production Technician I,MA,2176,1955-04-14,68,F,Married,US Citizen,No,White,2011-07-11,,2016-05-17,military,Voluntarily Terminated,Production       ,Webster Butler,39,Google Search,Fully Meets,3.13,3,0,2016-04-02,0,16
"Fernandes, Nilson  ",10308,1,1,1,1,5,1,0," $64,057 ",0,19,Production Technician I,MA,2132,1989-10-18,33,M ,Married,US Citizen,No,White,2015-11-05,,,N/A-StillEmployed,Active,Production       ,Amy Dunn,11,Indeed,PIP,1.56,5,0,2019-03-01,6,15
"Fett, Boba",10309,0,0,1,1,3,1,0," $53,366 ",0,15,Network Engineer,MA,2138,1987-06-18,35,M ,Single,US Citizen,No,White,2015-03-30,,,N/A-StillEmployed,Active,IT/IS,Peter Monroe,7,LinkedIn,PIP,1.2,3,6,2019-04-02,3,2
"Fidelia,  Libby",10049,1,1,0,1,5,3,0," $58,530 ",0,19,Production Technician I,MA,2155,1981-03-16,42,F,Married,US Citizen,No,White,2012-09-01,,,N/A-StillEmployed,Active,Production       ,Brannon Miller,12,Google Search,Fully Meets,5,5,0,2019-01-29,0,19
"Fitzpatrick, Michael  J",10093,0,0,1,5,5,3,0," $72,609 ",1,20,Production Technician II,MA,2143,1981-01-10,42,M ,Single,US Citizen,Yes,White,2011-05-16,,2013-06-24,hours,Voluntarily Terminated,Production       ,Amy Dunn,11,Google Search,Fully Meets,4.76,5,0,2013-05-04,0,20
"Foreman, Tanya",10163,1,1,0,5,5,3,0," $55,965 ",1,20,Production Technician II,MA,2170,1983-08-11,39,F,Married,US Citizen,No,White,2011-04-04,,2013-01-09,career change,Voluntarily Terminated,Production       ,Ketsia Liebig,19,Google Search,Fully Meets,3.66,3,0,2012-07-01,0,6
"Forrest, Alex",10305,1,1,1,1,6,3,0," $70,187 ",1,3,Area Sales Manager,MA,2330,1975-07-07,47,M ,Married,US Citizen,No,White,2014-09-29,,2018-08-19,Fatal attraction,Terminated for Cause,Sales,Lynn Daneault,21,Employee Referral,PIP,2,5,0,2019-01-28,4,7
"Foss, Jason",10015,0,0,1,1,3,4,0," $178,000 ",0,12,IT Director,MA,1460,1980-05-07,43,M ,Single,US Citizen,No,Black or African American,2011-04-15,,,N/A-StillEmployed,Active,IT/IS,Jennifer Zamora,5,Indeed,Exceeds,5,5,5,2019-07-01,0,15
"Foster-Baker, Amy",10080,1,1,0,1,1,3,0," $99,351 ",0,26,Sr. Accountant,MA,2050,1979-04-16,44,F,Married,US Citizen,no,White,2009-05-01,,,N/A-StillEmployed,Active,Admin Offices,Board of Directors,9,Other,Fully Meets,5,3,2,2019-08-02,0,3
"Fraval, Maruk ",10258,0,0,1,1,6,3,0," $67,251 ",0,3,Area Sales Manager,CT,6050,1963-08-28,59,M ,Single,US Citizen,No,Black or African American,2011-06-09,,,N/A-StillEmployed,Active,Sales,Lynn Daneault,21,CareerBuilder,Fully Meets,4.3,3,0,2019-01-27,2,7
"Galia, Lisa",10273,0,0,0,1,3,3,0," $65,707 ",0,14,IT Support,CT,6040,1968-06-07,54,F,Single,US Citizen,No,White,2010-01-05,,,N/A-StillEmployed,Active,IT/IS,Eric Dougall,6,LinkedIn,Fully Meets,4.7,4,5,2019-01-02,0,1
"Garcia, Raul",10111,0,0,1,1,5,3,0," $52,249 ",0,19,Production Technician I,MA,1905,1985-09-15,37,M ,Single,US Citizen,Yes,White,2015-03-30,,,N/A-StillEmployed,Active,Production       ,David Stanley,14,Employee Referral,Fully Meets,4.5,3,0,2019-02-18,0,5
"Gaul, Barbara",10257,0,0,0,1,5,3,0," $53,171 ",0,19,Production Technician I,MA,2121,1983-02-12,40,F,Single,US Citizen,Yes,Black or African American,2011-05-16,,,N/A-StillEmployed,Active,Production       ,Kelley Spirea,18,LinkedIn,Fully Meets,4.2,4,0,2019-02-26,0,12
"Gentry, Mildred",10159,1,1,0,1,5,3,0," $51,337 ",0,19,Production Technician I,MA,2145,1990-01-10,33,F,Married,US Citizen,No,Black or African American,2015-03-30,,,N/A-StillEmployed,Active,Production       ,Michael Albert,22,LinkedIn,Fully Meets,3.73,3,0,2019-01-16,0,19
"Gerke, Melisa",10122,0,2,0,5,5,3,1," $51,505 ",1,19,Production Technician I,MA,2330,1970-05-15,53,F,Divorced,US Citizen,No,Black or African American,2011-07-11,,2016-11-15,hours,Voluntarily Terminated,Production       ,Elijiah Gray,16,Diversity Job Fair,Fully Meets,4.24,4,0,2016-04-29,0,2
"Gill, Whitney  ",10142,0,4,0,4,6,3,0," $59,370 ",1,3,Area Sales Manager,OH,43050,1971-10-07,51,F,Widowed,US Citizen,No,Black or African American,2014-07-07,,2015-09-05,attendance,Terminated for Cause,Sales,John Smith,17,CareerBuilder,Fully Meets,3.97,4,0,2014-01-15,0,7
"Gilles, Alex",10283,1,1,1,5,5,2,1," $54,933 ",1,19,Production Technician I,MA,2062,1974-09-08,48,M ,Married,US Citizen,No,Black or African American,2012-02-04,,2015-06-25,military,Voluntarily Terminated,Production       ,Webster Butler,39,Diversity Job Fair,Needs Improvement,3.97,4,0,2015-01-20,3,15
"Girifalco, Evelyn",10018,0,0,0,1,5,4,0," $57,815 ",0,19,Production Technician I,MA,2451,1980-08-05,42,F,Single,US Citizen,Yes,Two or more races,2014-09-29,,,N/A-StillEmployed,Active,Production       ,Amy Dunn,11,Indeed,Exceeds,3.9,4,0,2019-07-02,0,3
"Givens, Myriam",10255,0,0,0,1,6,3,0," $61,555 ",0,3,Area Sales Manager,IN,46204,1989-09-22,33,F,Single,US Citizen,No,White,2015-02-16,,,N/A-StillEmployed,Active,Sales,Lynn Daneault,21,Indeed,Fully Meets,4.5,5,0,2019-01-25,0,20
"Goble, Taisha",10246,0,0,0,4,3,3,0," $114,800 ",1,8,Database Administrator,MA,2127,1971-10-23,51,F,Single,US Citizen,No,White,2015-02-16,,2015-03-15,"no-call, no-show",Terminated for Cause,IT/IS,Simon Roup,4,Indeed,Fully Meets,4.6,4,4,2015-01-20,0,10
"Goeth, Amon",10228,1,1,1,1,3,3,0," $74,679 ",0,14,IT Support,MA,2135,1989-11-24,33,M ,Married,US Citizen,Yes,White,2015-03-30,,,N/A-StillEmployed,Active,IT/IS,Peter Monroe,7,LinkedIn,Fully Meets,4.3,5,7,2019-10-01,0,20
"Gold, Shenice  ",10243,0,0,0,1,5,3,0," $53,018 ",0,19,Production Technician I,MA,2451,1992-06-18,30,F,Single,US Citizen,Yes,White,2013-11-11,,,N/A-StillEmployed,Active,Production       ,Ketsia Liebig,19,Indeed,Fully Meets,4.3,5,0,2019-02-18,0,7
"Gonzalez, Cayo",10031,0,2,1,1,5,4,1," $59,892 ",0,19,Production Technician I,MA,2108,1969-09-29,53,M ,Divorced,US Citizen,No,Black or African American,2011-11-07,,,N/A-StillEmployed,Active,Production       ,Brannon Miller,12,Diversity Job Fair,Exceeds,4.5,4,0,2019-02-18,0,1
"Gonzalez, Juan",10300,1,1,1,5,5,1,1," $68,898 ",1,20,Production Technician II,MA,2128,1964-12-10,58,M ,Married,US Citizen,No,Black or African American,2010-04-26,,2011-05-30,career change,Voluntarily Terminated,Production       ,Brannon Miller,12,Diversity Job Fair,PIP,3,3,0,2011-06-03,3,10
"Gonzalez, Maria",10101,0,3,0,1,3,3,0," $61,242 ",0,14,IT Support,MA,2472,1981-04-16,42,F,Separated,US Citizen,Yes,White,2015-05-01,,,N/A-StillEmployed,Active,IT/IS,Peter Monroe,7,Employee Referral,Fully Meets,4.61,4,5,2019-01-28,0,11
"Good, Susan",10237,1,1,0,3,5,3,0," $66,825 ",0,20,Production Technician II,MA,1886,1986-05-25,36,F,Married,US Citizen,No,White,2014-12-05,,,N/A-StillEmployed,Active,Production       ,David Stanley,14,LinkedIn,Fully Meets,4.6,3,0,2019-07-02,0,20
"Gordon, David",10051,1,1,1,1,5,3,0," $48,285 ",0,19,Production Technician I,MA,2169,1979-05-21,43,M ,Married,US Citizen,No,White,2012-02-07,,,N/A-StillEmployed,Active,Production       ,David Stanley,14,LinkedIn,Fully Meets,5,3,0,2019-01-14,0,2
"Gosciminski, Phylicia  ",10218,0,3,0,3,5,3,0," $66,149 ",0,20,Production Technician II,MA,1824,1983-08-12,39,F,Separated,US Citizen,No,American Indian or Alaska Native,2013-09-30,,,N/A-StillEmployed,Active,Production       ,Kissy Sullivan,20,Google Search,Fully Meets,4.4,5,0,2019-02-21,0,1
"Goyal, Roxana",10256,1,1,0,3,5,3,0," $49,256 ",0,19,Production Technician I,MA,1864,1974-09-10,48,F,Married,US Citizen,No,Asian,2013-08-19,,,N/A-StillEmployed,Active,Production       ,Kissy Sullivan,20,LinkedIn,Fully Meets,4.1,5,0,2019-02-15,0,3
"Gray, Elijiah  ",10098,0,2,1,1,5,3,0," $62,957 ",0,18,Production Manager,MA,1752,1981-11-07,41,M ,Divorced,US Citizen,No,White,2015-02-06,,,N/A-StillEmployed,Active,Production       ,Janet King,2,Employee Referral,Fully Meets,4.63,3,0,2019-04-01,0,2
"Gross, Paula",10059,0,2,0,5,5,3,0," $63,813 ",1,19,Production Technician I,MA,2176,1983-05-21,39,F,Divorced,US Citizen,No,White,2011-02-21,,2014-01-11,more money,Voluntarily Terminated,Production       ,Kelley Spirea,18,CareerBuilder,Fully Meets,5,5,0,2013-03-06,0,17
"Gruber, Hans",10234,1,1,1,1,3,3,0," $99,020 ",0,4,BI Developer,MA,2134,1989-06-30,33,M ,Married,US Citizen,No,Black or African American,2017-04-20,,,N/A-StillEmployed,Active,IT/IS,Brian Champaigne,13,Indeed,Fully Meets,4.2,5,5,2019-01-28,0,8
"Guilianno, Mike",10109,0,0,1,5,6,3,0," $71,707 ",1,3,Area Sales Manager,TN,37129,1969-09-02,53,M ,Single,US Citizen,No,Two or more races,2012-07-03,,2014-10-31,relocation out of area,Voluntarily Terminated,Sales,John Smith,17,LinkedIn,Fully Meets,4.5,5,0,2013-01-02,0,20
"Handschiegl, Joanne",10125,1,1,0,1,5,3,0," $54,828 ",0,19,Production Technician I,MA,2127,1977-03-23,46,F,Married,US Citizen,No,White,2011-11-28,,,N/A-StillEmployed,Active,Production       ,Michael Albert,22,Google Search,Fully Meets,4.2,4,0,2019-02-22,0,13
"Hankard, Earnest",10074,0,0,1,1,5,3,0," $64,246 ",0,20,Production Technician II,MA,2155,1988-10-08,34,M ,Single,US Citizen,Yes,White,2013-11-11,,,N/A-StillEmployed,Active,Production       ,Kelley Spirea,18,LinkedIn,Fully Meets,5,3,0,2019-08-01,0,20
"Harrington, Christie ",10097,0,0,0,5,5,3,0," $52,177 ",1,19,Production Technician I,MA,2324,1952-08-18,70,F,Single,US Citizen,No,White,2012-09-01,,2015-12-15,retiring,Voluntarily Terminated,Production       ,Webster Butler,39,CareerBuilder,Fully Meets,4.64,4,0,2015-02-05,0,8
"Harrison, Kara",10007,1,1,0,1,5,4,0," $62,065 ",0,19,Production Technician I,MA,1886,1974-02-05,49,F,Married,US Citizen,No,White,2014-12-05,,,N/A-StillEmployed,Active,Production       ,Amy Dunn,11,CareerBuilder,Exceeds,4.76,4,0,2019-02-15,0,5
"Heitzman, Anthony",10129,0,0,1,1,5,3,0," $46,998 ",0,19,Production Technician I,MA,2149,1984-04-01,39,M ,Single,US Citizen,No,White,2012-08-13,,,N/A-StillEmployed,Active,Production       ,Ketsia Liebig,19,Google Search,Fully Meets,4.17,4,0,2019-11-02,0,1
"Hendrickson, Trina",10075,0,0,0,5,5,3,0," $68,099 ",1,20,Production Technician II,MA,2021,1972-08-27,50,F,Single,US Citizen,No,White,2011-10-01,,2013-06-18,hours,Voluntarily Terminated,Production       ,Kelley Spirea,18,CareerBuilder,Fully Meets,5,3,0,2013-01-30,0,15
"Hitchcock, Alfred",10167,1,1,1,1,6,3,0," $70,545 ",0,3,Area Sales Manager,NH,3062,1988-09-14,34,M ,Married,US Citizen,No,American Indian or Alaska Native,2014-08-18,,,N/A-StillEmployed,Active,Sales,John Smith,17,Indeed,Fully Meets,3.6,5,0,2019-01-30,0,9
"Homberger, Adrienne  J",10195,1,1,0,5,5,3,0," $63,478 ",1,20,Production Technician II,MA,2445,1984-02-16,39,F,Married,Non-Citizen,No,White,2011-08-15,,2012-04-07,relocation out of area,Voluntarily Terminated,Production       ,Michael Albert,30,Indeed,Fully Meets,3.03,5,0,2012-05-03,0,16
"Horton, Jayne",10112,0,0,0,1,3,3,0," $97,999 ",0,8,Database Administrator,MA,2493,1984-02-21,39,F,Single,US Citizen,No,White,2015-03-30,,,N/A-StillEmployed,Active,IT/IS,Simon Roup,4,Indeed,Fully Meets,4.48,5,6,2019-03-01,0,4
"Houlihan, Debra",10272,1,1,0,1,6,3,0," $180,000 ",0,11,Director of Sales,RI,2908,1966-03-17,57,F,Married,US Citizen,No,White,2014-05-05,,,N/A-StillEmployed,Active,Sales,Janet King,2,LinkedIn,Fully Meets,4.5,4,0,2019-01-21,0,19
"Howard, Estelle",10182,1,1,0,1,1,3,0," $49,920 ",1,2,Administrative Assistant,MA,2170,1985-09-16,37,F,Married,US Citizen,No,Black or African American,2015-02-16,,2015-04-15,"no-call, no-show",Terminated for Cause,Admin Offices,Brandon R. LeBlanc,1,Indeed,Fully Meets,3.24,3,4,2015-04-15,0,6
"Hudson, Jane",10248,0,0,0,1,5,3,0," $55,425 ",0,19,Production Technician I,MA,2176,1986-10-06,36,F,Single,US Citizen,No,White,2012-02-20,,,N/A-StillEmployed,Active,Production       ,Ketsia Liebig,19,LinkedIn,Fully Meets,4.8,4,0,2019-07-01,0,4
"Hunts, Julissa",10201,0,0,0,2,5,3,0," $69,340 ",0,20,Production Technician II,MA,2021,1984-11-03,38,F,Single,US Citizen,No,White,2016-06-06,,,N/A-StillEmployed,Active,Production       ,Elijiah Gray,16,LinkedIn,Fully Meets,3,5,0,2019-01-18,0,4
"Hutter, Rosalie",10214,0,3,0,2,5,3,0," $64,995 ",0,20,Production Technician II,MA,2351,1992-07-05,30,F,Separated,US Citizen,No,White,2015-05-06,,,N/A-StillEmployed,Active,Production       ,Webster Butler,,Indeed,Fully Meets,4.5,3,0,2019-02-14,0,6
"Huynh, Ming",10160,0,2,0,5,5,3,0," $68,182 ",1,20,Production Technician II,MA,1742,1976-09-22,46,F,Divorced,US Citizen,No,White,2011-02-21,,2013-04-01,unhappy,Voluntarily Terminated,Production       ,Amy Dunn,11,Google Search,Fully Meets,3.72,3,0,2013-01-02,0,18
"Immediato, Walter",10289,1,1,1,5,5,2,0," $83,082 ",1,18,Production Manager,MA,2128,1976-11-15,46,M ,Married,US Citizen,No,Asian,2011-02-21,,2012-09-24,unhappy,Voluntarily Terminated,Production       ,Janet King,2,Indeed,Needs Improvement,2.34,2,0,2012-12-04,3,4
"Ivey, Rose ",10139,0,0,0,1,5,3,0," $51,908 ",0,19,Production Technician I,MA,1775,1991-01-28,32,F,Single,US Citizen,No,White,2013-08-19,,,N/A-StillEmployed,Active,Production       ,Brannon Miller,12,Indeed,Fully Meets,3.99,3,0,2019-01-14,0,14
"Jackson, Maryellen",10227,0,0,0,1,5,3,0," $61,242 ",0,19,Production Technician I,MA,2081,1972-11-09,50,F,Single,US Citizen,No,Black or African American,2012-05-11,,,N/A-StillEmployed,Active,Production       ,David Stanley,14,LinkedIn,Fully Meets,4.1,3,0,2019-01-17,0,7
"Jacobi, Hannah  ",10236,0,2,0,1,5,3,0," $45,069 ",0,19,Production Technician I,MA,1778,1966-03-22,57,F,Divorced,US Citizen,No,White,2013-09-30,,,N/A-StillEmployed,Active,Production       ,Kissy Sullivan,20,Employee Referral,Fully Meets,4.3,5,0,2019-02-22,0,7
"Jeannite, Tayana",10009,0,2,0,1,5,4,0," $60,724 ",0,20,Production Technician II,MA,1821,1986-06-11,36,F,Divorced,US Citizen,No,American Indian or Alaska Native,2011-05-07,,,N/A-StillEmployed,Active,Production       ,Ketsia Liebig,19,LinkedIn,Exceeds,4.6,4,0,2019-02-25,0,11
"Jhaveri, Sneha  ",10060,0,3,0,1,5,3,0," $60,436 ",0,19,Production Technician I,MA,2109,1964-04-13,59,F,Separated,US Citizen,No,White,2014-06-01,,,N/A-StillEmployed,Active,Production       ,Kelley Spirea,18,LinkedIn,Fully Meets,5,5,0,2019-01-21,0,9
"Johnson, George",10034,1,1,1,5,5,4,0," $46,837 ",1,19,Production Technician I,MA,2445,1959-08-19,63,M ,Married,US Citizen,No,White,2011-07-11,,2018-04-29,more money,Voluntarily Terminated,Production       ,Michael Albert,22,CareerBuilder,Exceeds,4.7,4,0,2018-02-14,0,9
"Johnson, Noelle ",10156,1,1,0,3,3,3,0," $105,700 ",0,8,Database Administrator,MA,2301,1986-07-11,36,F,Married,US Citizen,No,Asian,2015-05-01,,,N/A-StillEmployed,Active,IT/IS,Simon Roup,4,Indeed,Fully Meets,3.75,3,5,2019-11-02,0,2
"Johnston, Yen",10036,0,0,0,1,5,4,0," $63,322 ",0,20,Production Technician II,MA,2128,1969-08-09,53,F,Single,US Citizen,No,White,2014-07-07,,,N/A-StillEmployed,Active,Production       ,Brannon Miller,12,LinkedIn,Exceeds,4.3,3,0,2019-11-01,0,1
"Jung, Judy  ",10138,1,1,0,5,5,3,0," $61,154 ",1,19,Production Technician I,MA,2446,1986-04-17,37,F,Married,US Citizen,No,Black or African American,2011-10-01,,2016-04-01,unhappy,Voluntarily Terminated,Production       ,Elijiah Gray,16,CareerBuilder,Fully Meets,4,4,0,2016-03-02,0,4
"Kampew, Donysha",10244,0,0,0,5,6,3,0," $68,999 ",1,21,Sales Manager,PA,19444,1989-11-11,33,F,Single,US Citizen,No,White,2011-07-11,,2014-04-24,maternity leave - did not return,Voluntarily Terminated,Sales,Debra Houlihan,15,Google Search,Fully Meets,4.5,5,0,2013-03-30,0,2
"Keatts, Kramer ",10192,0,0,1,1,5,3,0," $50,482 ",0,19,Production Technician I,MA,1887,1976-01-19,47,M ,Single,US Citizen,No,White,2013-09-30,,,N/A-StillEmployed,Active,Production       ,Michael Albert,22,Indeed,Fully Meets,3.07,4,0,2019-01-23,0,10
"Khemmich, Bartholemew",10231,0,0,1,1,6,3,0," $65,310 ",0,3,Area Sales Manager,CO,80820,1979-11-27,43,M ,Single,US Citizen,No,White,2013-08-19,,,N/A-StillEmployed,Active,Sales,Lynn Daneault,21,Indeed,Fully Meets,4.3,5,0,2019-01-22,0,13
"King, Janet",10089,1,1,0,1,2,3,0," $250,000 ",0,16,President & CEO,MA,1902,1954-09-21,68,F,Married,US Citizen,Yes,White,2012-02-07,,,N/A-StillEmployed,Active,Executive Office,Board of Directors,9,Indeed,Fully Meets,4.83,3,0,2019-01-17,0,10
"Kinsella, Kathleen  ",10166,1,1,0,5,5,3,0," $54,005 ",1,19,Production Technician I,MA,2170,1973-08-12,49,F,Married,US Citizen,No,White,2011-09-26,,2015-06-04,more money,Voluntarily Terminated,Production       ,Webster Butler,39,Google Search,Fully Meets,3.6,5,0,2015-01-03,0,16
"Kirill, Alexandra  ",10170,1,1,0,5,5,3,0," $45,433 ",1,19,Production Technician I,MA,2127,1970-08-10,52,F,Married,US Citizen,No,White,2011-09-26,,2014-01-09,more money,Voluntarily Terminated,Production       ,Amy Dunn,11,Google Search,Fully Meets,3.49,4,0,2013-01-30,0,6
"Knapp, Bradley  J",10208,0,0,1,1,5,3,0," $46,654 ",0,19,Production Technician I,MA,1721,1977-10-11,45,M ,Single,US Citizen,No,Black or African American,2014-02-17,,,N/A-StillEmployed,Active,Production       ,Ketsia Liebig,19,LinkedIn,Fully Meets,3.1,3,0,2019-06-02,0,3
"Kretschmer, John",10176,1,1,1,1,5,3,0," $63,973 ",0,19,Production Technician I,MA,1801,1980-02-02,43,M ,Married,US Citizen,No,Asian,2011-10-01,,,N/A-StillEmployed,Active,Production       ,Brannon Miller,12,Indeed,Fully Meets,3.38,3,0,2019-01-21,0,17
"Kreuger, Freddy",10165,0,0,1,1,6,3,1," $71,339 ",0,3,Area Sales Manager,NY,10171,1969-02-24,54,M ,Single,US Citizen,Yes,Black or African American,2011-07-03,,,N/A-StillEmployed,Active,Sales,John Smith,17,Diversity Job Fair,Fully Meets,3.65,5,0,2019-01-17,0,20
"Lajiri,  Jyoti",10113,1,1,1,3,3,3,0," $93,206 ",0,28,Sr. Network Engineer,MA,2169,1986-04-23,37,M ,Married,US Citizen,No,White,2014-10-11,,,N/A-StillEmployed,Active,IT/IS,Peter Monroe,7,Employee Referral,Fully Meets,4.46,5,6,2019-07-01,0,7
"Landa, Hans",10092,1,1,1,4,5,3,0," $82,758 ",1,18,Production Manager,MA,1890,1972-01-07,51,M ,Married,US Citizen,No,White,2011-10-01,,2015-12-12,attendance,Terminated for Cause,Production       ,Janet King,2,Employee Referral,Fully Meets,4.78,4,0,2015-02-15,0,9
"Langford, Lindsey",10106,0,2,0,5,5,3,0," $66,074 ",1,20,Production Technician II,MA,2090,1979-07-25,43,F,Divorced,US Citizen,No,Asian,2013-07-01,,2014-03-31,Another position,Voluntarily Terminated,Production       ,David Stanley,14,Indeed,Fully Meets,4.52,3,0,2014-02-20,0,20
"Langton, Enrico",10052,1,1,1,1,5,3,0," $46,120 ",0,19,Production Technician I,MA,2048,1986-09-12,36,M ,Married,US Citizen,No,White,2012-09-07,,,N/A-StillEmployed,Active,Production       ,David Stanley,14,LinkedIn,Fully Meets,5,5,0,2019-04-02,0,13
"LaRotonda, William  ",10038,0,2,1,1,1,3,0," $64,520 ",0,1,Accountant I,MA,1460,1984-04-26,39,M ,Divorced,US Citizen,No,Black or African American,2014-06-01,,,N/A-StillEmployed,Active,Admin Offices,Brandon R. LeBlanc,1,Website,Fully Meets,5,4,4,2019-01-17,0,3
"Latif, Mohammed",10249,1,1,1,5,5,3,0," $61,962 ",1,20,Production Technician II,MA,2126,1984-09-05,38,M ,Married,US Citizen,No,White,2012-02-04,,2013-04-15,more money,Voluntarily Terminated,Production       ,Kissy Sullivan,20,Google Search,Fully Meets,4.9,3,0,2013-02-20,0,20
"Le, Binh",10232,0,0,0,1,3,3,0," $81,584 ",0,22,Senior BI Developer,MA,1886,1987-06-14,35,F,Single,US Citizen,No,Asian,2016-02-10,,,N/A-StillEmployed,Active,IT/IS,Brian Champaigne,13,Indeed,Fully Meets,4.1,5,7,2019-08-01,0,2
"Leach, Dallas",10087,0,0,0,5,5,3,0," $63,676 ",1,19,Production Technician I,MA,1810,1979-01-17,44,F,Single,US Citizen,No,Asian,2011-09-26,,2018-08-19,return to school,Voluntarily Terminated,Production       ,Kissy Sullivan,20,CareerBuilder,Fully Meets,4.88,3,0,2017-02-07,0,17
"LeBlanc, Brandon  R",10134,1,1,1,1,1,3,0," $93,046 ",0,23,Shared Services Manager,MA,1460,1984-10-06,38,M ,Married,US Citizen,No,White,2016-05-01,,,N/A-StillEmployed,Active,Admin Offices,Janet King,2,CareerBuilder,Fully Meets,4.1,4,0,2019-01-28,0,20
"Lecter, Hannibal",10251,1,1,1,1,5,3,0," $64,738 ",0,19,Production Technician I,MA,1776,1982-02-09,41,M ,Married,US Citizen,No,Asian,2012-05-14,,,N/A-StillEmployed,Active,Production       ,Elijiah Gray,16,Google Search,Fully Meets,4.1,3,0,2019-02-22,0,10
"Leruth, Giovanni",10103,0,3,1,1,6,3,0," $70,468 ",0,3,Area Sales Manager,UT,84111,1988-12-27,34,M ,Separated,US Citizen,No,Black or African American,2012-04-30,,,N/A-StillEmployed,Active,Sales,John Smith,17,Website,Fully Meets,4.53,3,0,2019-01-29,0,16
"Liebig, Ketsia",10017,1,1,0,1,5,4,0," $77,915 ",0,18,Production Manager,MA,2110,1981-10-26,41,F,Married,US Citizen,No,White,2013-09-30,,,N/A-StillEmployed,Active,Production       ,Janet King,2,Website,Exceeds,4.1,3,0,2019-01-21,0,11
"Linares, Marilyn ",10186,1,1,0,5,5,3,0," $52,624 ",1,19,Production Technician I,MA,1886,1981-03-26,42,F,Married,US Citizen,No,White,2011-05-07,,2018-09-26,unhappy,Voluntarily Terminated,Production       ,Michael Albert,22,Indeed,Fully Meets,3.18,4,0,2018-02-03,0,16
"Linden, Mathew",10137,1,1,1,3,5,3,0," $63,450 ",0,20,Production Technician II,MA,1770,1979-03-19,44,M ,Married,US Citizen,No,White,2013-08-07,,,N/A-StillEmployed,Active,Production       ,Kelley Spirea,18,LinkedIn,Fully Meets,4,3,0,2019-02-18,0,7
"Lindsay, Leonara ",10008,0,0,0,1,3,4,1," $51,777 ",0,14,IT Support,CT,6070,1988-05-10,35,F,Single,US Citizen,Yes,Black or African American,2011-01-21,,,N/A-StillEmployed,Active,IT/IS,Eric Dougall,6,Diversity Job Fair,Exceeds,4.64,4,5,2019-01-25,0,14
"Lundy, Susan",10096,0,4,0,5,5,3,0," $67,237 ",1,20,Production Technician II,MA,2122,1976-12-26,46,F,Widowed,US Citizen,No,White,2013-08-07,,2016-09-15,more money,Voluntarily Terminated,Production       ,Michael Albert,22,LinkedIn,Fully Meets,4.65,4,0,2016-10-06,0,15
"Lunquist, Lisa",10035,0,0,0,1,5,4,0," $73,330 ",0,20,Production Technician II,MA,2324,1982-03-28,41,F,Single,US Citizen,No,Black or African American,2013-08-19,,,N/A-StillEmployed,Active,Production       ,Elijiah Gray,16,Indeed,Exceeds,4.2,4,0,2019-12-02,0,19
"Lydon, Allison",10057,1,1,0,3,5,3,0," $52,057 ",0,19,Production Technician I,MA,2122,1975-10-22,47,F,Married,US Citizen,No,Black or African American,2015-02-16,,,N/A-StillEmployed,Active,Production       ,Elijiah Gray,16,Website,Fully Meets,5,3,0,2019-01-23,0,6
"Lynch, Lindsay",10004,0,0,0,5,5,4,1," $47,434 ",1,19,Production Technician I,MA,1844,1973-02-14,50,F,Single,US Citizen,Yes,Black or African American,2011-07-11,,2015-11-14,Another position,Voluntarily Terminated,Production       ,Webster Butler,39,Diversity Job Fair,Exceeds,5,4,0,2015-02-02,0,17
"MacLennan, Samuel",10191,0,4,1,5,5,3,0," $52,788 ",1,19,Production Technician I,MA,1938,1972-09-11,50,M ,Widowed,US Citizen,No,White,2012-09-24,,2017-09-26,hours,Voluntarily Terminated,Production       ,Amy Dunn,11,Indeed,Fully Meets,3.08,4,0,2017-01-04,0,18
"Mahoney, Lauren  ",10219,0,0,0,1,5,3,0," $45,395 ",0,19,Production Technician I,MA,2189,1986-07-07,36,F,Single,US Citizen,No,White,2014-06-01,,,N/A-StillEmployed,Active,Production       ,Ketsia Liebig,19,LinkedIn,Fully Meets,4.6,4,0,2019-02-26,0,14
"Manchester, Robyn",10077,1,1,0,2,5,3,0," $62,385 ",0,20,Production Technician II,MA,2324,1976-08-25,46,F,Married,US Citizen,No,White,2016-11-05,,,N/A-StillEmployed,Active,Production       ,Webster Butler,,LinkedIn,Fully Meets,5,3,0,2019-01-21,0,4
"Mancuso, Karen",10073,1,1,0,5,5,3,0," $68,407 ",1,20,Production Technician II,MA,2176,1986-10-12,36,F,Married,US Citizen,No,Two or more races,2011-05-07,,2012-08-19,Another position,Voluntarily Terminated,Production       ,Amy Dunn,11,LinkedIn,Fully Meets,5,4,0,2012-02-07,0,16
"Mangal, Debbie",10279,1,1,0,1,5,3,0," $61,349 ",0,19,Production Technician I,MA,2451,1974-07-11,48,F,Married,US Citizen,No,White,2013-11-11,,,N/A-StillEmployed,Active,Production       ,Brannon Miller,12,LinkedIn,Fully Meets,4.1,3,0,2019-01-22,0,11
"Martin, Sandra",10110,0,0,0,1,4,3,0," $105,688 ",0,24,Software Engineer,MA,2135,1987-07-11,35,F,Single,US Citizen,No,Asian,2013-11-11,,,N/A-StillEmployed,Active,Software Engineering,Alex Sweetwater,10,Google Search,Fully Meets,4.5,5,4,2019-01-14,0,14
"Maurice, Shana",10053,1,1,0,1,5,3,0," $54,132 ",0,19,Production Technician I,MA,2330,1977-11-22,45,F,Married,US Citizen,No,White,2011-05-31,,,N/A-StillEmployed,Active,Production       ,David Stanley,14,Indeed,Fully Meets,5,4,0,2019-10-01,0,8
"Carthy, B'rigit",10076,0,0,0,1,5,3,0," $55,315 ",0,20,Production Technician II,MA,2149,1987-05-21,35,F,Single,US Citizen,No,Black or African American,2015-03-30,,,N/A-StillEmployed,Active,Production       ,Ketsia Liebig,19,LinkedIn,Fully Meets,5,5,0,2019-07-02,0,16
"Mckenna, Sandy",10145,1,1,0,1,5,3,0," $62,810 ",0,19,Production Technician I,MA,2184,1987-07-01,35,F,Married,US Citizen,No,Black or African American,2013-07-01,,,N/A-StillEmployed,Active,Production       ,Kissy Sullivan,20,CareerBuilder,Fully Meets,3.93,3,0,2019-01-30,0,20
"McKinzie, Jac",10202,1,1,1,2,6,3,0," $63,291 ",0,3,Area Sales Manager,TX,78789,1984-01-07,39,M ,Married,US Citizen,No,Two or more races,2016-06-07,,,N/A-StillEmployed,Active,Sales,Lynn Daneault,21,Website,Fully Meets,3.4,4,0,2019-01-29,0,7
"Meads, Elizabeth",10128,0,0,0,5,5,3,1," $62,659 ",1,19,Production Technician I,MA,1760,1968-05-30,54,F,Single,US Citizen,No,Black or African American,2012-02-04,,2016-11-11,Another position,Voluntarily Terminated,Production       ,Kelley Spirea,18,Diversity Job Fair,Fully Meets,4.18,4,0,2016-05-02,0,17
"Medeiros, Jennifer",10068,0,0,0,1,5,3,0," $55,688 ",0,19,Production Technician I,MA,2346,1976-09-22,46,F,Single,US Citizen,No,White,2015-03-30,,,N/A-StillEmployed,Active,Production       ,Michael Albert,22,CareerBuilder,Fully Meets,5,4,0,2019-01-21,0,10
"Miller, Brannon",10116,0,0,1,1,5,3,0," $83,667 ",0,18,Production Manager,MA,2045,1981-10-08,41,M ,Single,US Citizen,yes,Hispanic,2012-08-16,,,N/A-StillEmployed,Active,Production       ,Janet King,2,Indeed,Fully Meets,4.37,3,0,2019-01-14,0,2
"Miller, Ned",10298,0,0,1,5,5,1,0," $55,800 ",1,20,Production Technician II,MA,2472,1985-06-29,37,M ,Single,US Citizen,No,White,2011-08-15,,2014-09-04,unhappy,Voluntarily Terminated,Production       ,Brannon Miller,12,LinkedIn,PIP,3,2,0,2013-01-14,6,6
"Monkfish, Erasumus",10213,1,1,1,1,5,3,0," $58,207 ",0,20,Production Technician II,MA,1450,1992-08-17,30,M ,Married,US Citizen,No,White,2011-07-11,,,N/A-StillEmployed,Active,Production       ,David Stanley,14,LinkedIn,Fully Meets,3.7,3,0,2019-08-01,0,14
"Monroe, Peter",10288,1,1,1,1,3,2,1," $157,000 ",0,13,IT Manager - Infra,MA,2134,1986-05-10,37,M ,Married,Eligible NonCitizen,Yes,Black or African American,2012-02-15,,,N/A-StillEmployed,Active,IT/IS,Jennifer Zamora,5,Diversity Job Fair,Needs Improvement,2.39,3,6,2019-02-22,4,13
"Monterro, Luisa",10025,0,0,0,1,5,4,0," $72,460 ",0,20,Production Technician II,MA,2126,1970-04-24,53,F,Single,US Citizen,No,Black or African American,2013-05-13,,,N/A-StillEmployed,Active,Production       ,Kissy Sullivan,20,Indeed,Exceeds,4.7,3,0,2019-01-14,0,1
"Moran, Patrick",10223,0,0,1,3,5,3,1," $72,106 ",0,20,Production Technician II,MA,2127,1976-03-12,47,M ,Single,US Citizen,No,Black or African American,2012-09-01,,,N/A-StillEmployed,Active,Production       ,Kelley Spirea,18,Diversity Job Fair,Fully Meets,4.1,4,0,2019-01-31,0,12
"Morway, Tanya",10151,1,1,0,1,3,3,0," $52,599 ",0,15,Network Engineer,MA,2048,1979-04-04,44,F,Married,US Citizen,No,White,2015-02-16,,,N/A-StillEmployed,Active,IT/IS,Peter Monroe,7,CareerBuilder,Fully Meets,3.81,3,6,2019-11-02,0,6
"Motlagh,  Dawn",10254,0,2,0,1,5,3,0," $63,430 ",0,19,Production Technician I,MA,2453,1984-07-07,38,F,Divorced,US Citizen,No,White,2013-01-04,,,N/A-StillEmployed,Active,Production       ,Elijiah Gray,16,LinkedIn,Fully Meets,4.4,4,0,2019-01-17,0,18
"Moumanil, Maliki ",10120,0,3,1,1,5,3,0," $74,417 ",0,20,Production Technician II,MA,1460,1974-01-12,49,M ,Separated,US Citizen,No,Black or African American,2013-05-13,,,N/A-StillEmployed,Active,Production       ,Michael Albert,22,LinkedIn,Fully Meets,4.29,5,0,2019-01-28,0,11
"Myers, Michael",10216,0,0,1,1,5,3,0," $57,575 ",0,19,Production Technician I,MA,1550,1980-04-18,43,M ,Single,US Citizen,No,Asian,2013-08-07,,,N/A-StillEmployed,Active,Production       ,Kissy Sullivan,20,LinkedIn,Fully Meets,4.1,4,0,2019-01-22,0,13
"Navathe, Kurt",10079,0,0,1,1,3,3,0," $87,921 ",0,22,Senior BI Developer,MA,2056,1970-04-25,53,M ,Single,US Citizen,No,Asian,2017-10-02,,,N/A-StillEmployed,Active,IT/IS,Brian Champaigne,13,Indeed,Fully Meets,5,3,6,2019-02-25,0,17
"Ndzi, Colombui",10215,0,0,1,5,5,3,1," $50,470 ",1,19,Production Technician I,MA,2110,1989-02-05,34,M ,Single,US Citizen,No,Black or African American,2011-09-26,,2014-04-04,return to school,Voluntarily Terminated,Production       ,Webster Butler,39,Diversity Job Fair,Fully Meets,4.3,3,0,2013-02-03,0,19
"Ndzi, Horia",10185,1,1,1,5,5,3,0," $46,664 ",1,19,Production Technician I,MA,2421,1983-03-28,40,M ,Married,US Citizen,No,White,2013-01-04,,2016-05-25,more money,Voluntarily Terminated,Production       ,Amy Dunn,11,Employee Referral,Fully Meets,3.18,3,0,2016-06-03,0,10
"Newman, Richard ",10063,1,1,1,3,5,3,0," $48,495 ",0,19,Production Technician I,MA,2136,1977-08-04,45,M ,Married,US Citizen,No,White,2014-12-05,,,N/A-StillEmployed,Active,Production       ,Ketsia Liebig,19,LinkedIn,Fully Meets,5,5,0,2019-02-18,0,11
"Ngodup, Shari ",10037,0,3,0,1,5,4,1," $52,984 ",0,19,Production Technician I,MA,1810,1967-03-06,56,F,Separated,US Citizen,No,Black or African American,2013-01-04,,,N/A-StillEmployed,Active,Production       ,Brannon Miller,12,Diversity Job Fair,Exceeds,4,3,0,2019-02-13,0,12
"Nguyen, Dheepa",10042,0,0,0,1,6,3,0," $63,695 ",0,3,Area Sales Manager,GA,30428,1989-03-31,34,F,Single,US Citizen,No,Two or more races,2013-08-07,,,N/A-StillEmployed,Active,Sales,Lynn Daneault,21,Indeed,Fully Meets,5,5,0,2019-01-25,0,2
"Nguyen, Lei-Ming",10206,0,0,0,1,5,3,0," $62,061 ",0,19,Production Technician I,MA,2132,1984-07-07,38,F,Single,US Citizen,No,White,2013-08-07,,,N/A-StillEmployed,Active,Production       ,David Stanley,14,LinkedIn,Fully Meets,3.6,5,0,2019-02-01,0,4
"Nowlan, Kristie",10104,0,0,0,1,5,3,0," $66,738 ",0,20,Production Technician II,MA,1040,1985-11-23,37,F,Single,US Citizen,No,White,2014-10-11,,,N/A-StillEmployed,Active,Production       ,Elijiah Gray,16,Indeed,Fully Meets,4.53,5,0,2019-01-16,0,5
"O'hare, Lynn",10303,0,0,0,4,5,1,0," $52,674 ",1,19,Production Technician I,MA,2152,1980-09-30,42,F,Single,US Citizen,No,Two or more races,2014-03-31,,2018-05-01,performance,Terminated for Cause,Production       ,Kissy Sullivan,20,LinkedIn,PIP,2.33,2,0,2018-09-03,6,3
"Oliver, Brooke ",10078,1,1,0,5,5,3,0," $71,966 ",1,20,Production Technician II,MA,2492,1952-11-02,70,F,Married,US Citizen,No,Asian,2012-05-14,,2013-08-19,unhappy,Voluntarily Terminated,Production       ,Webster Butler,39,LinkedIn,Fully Meets,5,3,0,2013-02-07,0,17
"Onque, Jasmine",10121,0,0,0,1,6,3,0," $63,051 ",0,3,Area Sales Manager,FL,33174,1990-11-05,32,F,Single,US Citizen,Yes,White,2013-09-30,,,N/A-StillEmployed,Active,Sales,Lynn Daneault,21,Indeed,Fully Meets,4.28,3,0,2019-01-25,0,1
"Osturnka, Adeel",10021,1,1,1,1,5,4,0," $47,414 ",0,19,Production Technician I,MA,2478,1976-11-12,46,M ,Married,US Citizen,No,White,2013-09-30,,,N/A-StillEmployed,Active,Production       ,Kelley Spirea,18,LinkedIn,Exceeds,5,3,0,2019-07-02,0,13
"Owad, Clinton",10281,0,0,1,1,5,2,0," $53,060 ",0,19,Production Technician I,MA,1760,1979-11-24,43,M ,Single,US Citizen,No,Black or African American,2014-02-17,,,N/A-StillEmployed,Active,Production       ,Michael Albert,22,LinkedIn,Needs Improvement,4.25,3,0,2019-04-02,4,6
"Ozark, Travis",10041,0,0,1,1,6,3,0," $68,829 ",0,3,Area Sales Manager,NC,27229,1982-05-19,40,M ,Single,US Citizen,No,White,2015-05-01,,,N/A-StillEmployed,Active,Sales,John Smith,17,Website,Fully Meets,5,5,0,2019-01-14,0,18
"Panjwani, Nina",10148,1,1,0,5,5,3,0," $63,515 ",1,19,Production Technician I,MA,2351,1979-01-05,44,F,Married,US Citizen,No,White,2011-07-02,,2014-01-12,Another position,Voluntarily Terminated,Production       ,Elijiah Gray,16,Google Search,Fully Meets,3.89,4,0,2013-04-03,0,7
"Patronick, Lucas",10005,0,0,1,5,4,4,1," $108,987 ",1,24,Software Engineer,MA,1844,1979-02-20,44,M ,Single,US Citizen,No,Black or African American,2011-07-11,,2015-09-07,Another position,Voluntarily Terminated,Software Engineering,Alex Sweetwater,10,Diversity Job Fair,Exceeds,5,5,3,2015-08-16,0,13
"Pearson, Randall",10259,1,1,1,5,3,3,0," $93,093 ",1,9,Data Analyst,MA,2747,1984-05-09,39,M ,Married,US Citizen,No,White,2014-01-12,,2016-05-01,performance,Voluntarily Terminated,IT/IS,Simon Roup,4,Employee Referral,Fully Meets,4.7,4,5,2016-01-16,0,19
"Smith, Martin",10286,0,0,1,5,5,2,0," $53,564 ",1,19,Production Technician I,MA,2458,1988-03-17,35,M ,Single,US Citizen,No,Black or African American,2011-10-01,,2017-12-28,career change,Voluntarily Terminated,Production       ,Webster Butler,39,Google Search,Needs Improvement,3.54,5,0,2017-06-04,4,15
"Pelletier, Ermine",10297,1,1,0,5,5,2,0," $60,270 ",1,20,Production Technician II,MA,2472,1989-07-18,33,F,Married,US Citizen,No,Asian,2011-05-07,,2015-09-15,unhappy,Voluntarily Terminated,Production       ,Amy Dunn,11,CareerBuilder,Needs Improvement,2.4,5,0,2015-06-02,5,2
"Perry, Shakira",10171,0,0,0,5,5,3,0," $45,998 ",1,19,Production Technician I,MA,2176,1986-07-20,36,F,Single,US Citizen,No,White,2011-05-16,,2015-10-25,medical issues,Voluntarily Terminated,Production       ,Amy Dunn,11,LinkedIn,Fully Meets,3.45,4,0,2014-05-13,0,5
"Peters, Lauren",10032,1,1,0,5,5,4,0," $57,954 ",1,20,Production Technician II,MA,1886,1986-08-17,36,F,Married,US Citizen,No,White,2011-05-16,,2013-02-04,more money,Voluntarily Terminated,Production       ,Ketsia Liebig,19,Indeed,Exceeds,4.2,5,0,2013-10-01,0,12
"Peterson, Ebonee  ",10130,1,1,0,5,5,3,0," $74,669 ",1,18,Production Manager,MA,2030,1977-09-05,45,F,Married,US Citizen,No,White,2010-10-25,,2016-05-18,Another position,Voluntarily Terminated,Production       ,Janet King,2,Indeed,Fully Meets,4.16,5,0,2015-05-03,0,6
"Petingill, Shana  ",10217,1,1,0,1,5,3,0," $74,226 ",0,20,Production Technician II,MA,2050,1979-10-03,43,F,Married,Eligible NonCitizen,No,Asian,2012-02-04,,,N/A-StillEmployed,Active,Production       ,Brannon Miller,12,LinkedIn,Fully Meets,4.3,3,0,2019-01-14,0,14
"Petrowsky, Thelma",10016,1,1,0,1,3,4,0," $93,554 ",0,9,Data Analyst,MA,1886,1984-09-16,38,F,Married,US Citizen,No,Black or African American,2014-10-11,,,N/A-StillEmployed,Active,IT/IS,Simon Roup,4,Employee Referral,Exceeds,4.6,5,7,2019-04-01,0,16
"Pham, Hong",10050,1,1,1,5,5,3,0," $64,724 ",1,19,Production Technician I,MA,2451,1988-06-03,34,M ,Married,US Citizen,No,Asian,2011-05-07,,2012-11-30,more money,Voluntarily Terminated,Production       ,Brannon Miller,12,Google Search,Fully Meets,5,3,0,2012-02-20,0,13
"Pitt, Brad ",10164,0,0,1,1,5,3,0," $47,001 ",0,19,Production Technician I,MA,2451,1981-11-23,41,M ,Single,US Citizen,No,White,2007-05-11,,,N/A-StillEmployed,Active,Production       ,David Stanley,14,Google Search,Fully Meets,3.66,3,0,2019-02-25,0,15
"Potts, Xana",10124,1,1,0,1,6,3,0," $61,844 ",0,3,Area Sales Manager,KY,40220,1988-08-29,34,F,Married,US Citizen,No,Black or African American,2012-09-01,,,N/A-StillEmployed,Active,Sales,Lynn Daneault,21,Website,Fully Meets,4.2,5,0,2019-01-02,0,9
"Power, Morissa",10187,0,2,0,5,5,3,0," $46,799 ",1,19,Production Technician I,MA,1742,1984-10-15,38,F,Divorced,Eligible NonCitizen,No,Asian,2011-05-16,,2018-06-04,Another position,Voluntarily Terminated,Production       ,Kissy Sullivan,20,Google Search,Fully Meets,3.17,4,0,2018-02-04,0,14
"Punjabhi, Louis  ",10225,0,0,1,1,5,3,0," $59,472 ",0,19,Production Technician I,MA,2109,1961-06-19,61,M ,Single,US Citizen,No,White,2014-06-01,,,N/A-StillEmployed,Active,Production       ,Kelley Spirea,18,Employee Referral,Fully Meets,4.8,3,0,2019-07-01,0,14
"Purinton, Janine",10262,0,2,0,5,5,3,0," $46,430 ",1,19,Production Technician I,MA,2474,1970-09-22,52,F,Divorced,US Citizen,No,White,2012-09-24,,2013-06-18,unhappy,Voluntarily Terminated,Production       ,Kissy Sullivan,20,Indeed,Fully Meets,4.5,5,0,2013-02-04,0,16
"Quinn, Sean",10131,1,1,1,5,1,3,1," $83,363 ",1,23,Software Engineer,MA,2045,1984-06-11,38,M ,Married,Eligible NonCitizen,No,Black or African American,2011-02-21,,2015-08-15,career change,Voluntarily Terminated,Software Engineering,Janet King,2,Diversity Job Fair,Fully Meets,4.15,4,0,2014-04-19,0,4
"Rachael, Maggie",10239,1,1,0,1,3,3,0," $95,920 ",0,4,BI Developer,MA,2110,1980-12-05,42,F,Married,US Citizen,No,Black or African American,2016-02-10,,,N/A-StillEmployed,Active,IT/IS,Brian Champaigne,13,Indeed,Fully Meets,4.4,4,6,2019-06-02,0,10
"Rarrick, Quinn",10152,0,2,1,5,5,3,0," $61,729 ",1,19,Production Technician I,MA,2478,1984-12-31,38,M ,Divorced,US Citizen,No,White,2011-09-26,,2018-04-07,more money,Voluntarily Terminated,Production       ,Michael Albert,22,Indeed,Fully Meets,3.8,5,0,2018-04-02,0,19
"Ren, Kylo",10140,1,1,1,1,6,3,0," $61,809 ",0,3,Area Sales Manager,ID,83706,1954-12-10,68,M ,Married,US Citizen,No,White,2014-12-05,,,N/A-StillEmployed,Active,Sales,John Smith,17,CareerBuilder,Fully Meets,3.98,3,0,2019-01-28,0,4
"Rhoads, Thomas",10058,0,2,1,5,5,3,0," $45,115 ",1,19,Production Technician I,MA,2176,1982-07-22,40,M ,Divorced,US Citizen,Yes,White,2011-05-16,,2016-01-15,retiring,Voluntarily Terminated,Production       ,Elijiah Gray,16,LinkedIn,Fully Meets,5,4,0,2015-03-30,0,11
"Rivera, Haley  ",10011,1,1,0,1,5,4,0," $46,738 ",0,19,Production Technician I,MA,2171,1973-12-01,49,F,Married,US Citizen,No,Asian,2011-11-28,,,N/A-StillEmployed,Active,Production       ,Webster Butler,,Google Search,Exceeds,4.36,5,0,2019-11-02,0,16
"Roberson, May",10230,0,2,0,5,5,3,0," $64,971 ",1,20,Production Technician II,MA,1902,1981-05-09,42,F,Divorced,Eligible NonCitizen,No,Black or African American,2011-09-26,,2011-10-22,return to school,Voluntarily Terminated,Production       ,David Stanley,14,Google Search,Fully Meets,4.5,4,0,2011-10-22,0,10
"Robertson, Peter",10224,1,1,1,5,5,3,0," $55,578 ",1,20,Production Technician II,MA,2138,1972-03-07,51,M ,Married,US Citizen,No,White,2011-05-07,,2012-02-08,Another position,Voluntarily Terminated,Production       ,Kissy Sullivan,20,Indeed,Fully Meets,4.2,5,0,2012-06-01,0,13
"Robinson, Alain  ",10047,1,1,1,5,5,3,0," $50,428 ",1,19,Production Technician I,MA,1420,1974-07-01,48,M ,Married,US Citizen,No,Black or African American,2011-10-01,,2016-01-26,attendance,Voluntarily Terminated,Production       ,Amy Dunn,11,Indeed,Fully Meets,5,3,0,2015-10-01,0,11
"Robinson, Cherly",10285,1,1,0,4,5,2,0," $61,422 ",1,19,Production Technician I,MA,1460,1985-07-01,37,F,Married,US Citizen,No,White,2011-10-01,,2016-05-17,attendance,Terminated for Cause,Production       ,Ketsia Liebig,19,Indeed,Needs Improvement,3.6,3,0,2016-05-04,4,16
"Robinson, Elias",10020,0,4,1,1,5,4,0," $63,353 ",0,19,Production Technician I,MA,1730,1985-01-28,38,M ,Widowed,US Citizen,No,White,2013-08-07,,,N/A-StillEmployed,Active,Production       ,Brannon Miller,12,Employee Referral,Exceeds,3.6,5,0,2019-11-02,0,4
"Roby, Lori ",10162,1,1,0,1,3,3,0," $89,883 ",0,9,Data Analyst,MA,1886,1981-11-10,41,F,Married,US Citizen,No,White,2015-02-16,,,N/A-StillEmployed,Active,IT/IS,Simon Roup,4,Employee Referral,Fully Meets,3.69,5,6,2019-02-14,0,15
"Roehrich, Bianca",10149,0,0,0,5,3,3,0," $120,000 ",1,29,Principal Data Architect,MA,2703,1973-05-27,49,F,Single,US Citizen,Yes,White,2015-05-01,,2018-11-10,Another position,Voluntarily Terminated,IT/IS,Simon Roup,4,LinkedIn,Fully Meets,3.88,3,7,2018-02-13,0,12
"Roper, Katie",10086,0,0,0,1,3,3,0," $150,290 ",0,7,Data Architect,MA,2056,1972-11-21,50,F,Single,US Citizen,No,Black or African American,2017-07-01,,,N/A-StillEmployed,Active,IT/IS,Brian Champaigne,13,Indeed,Fully Meets,4.94,3,5,2019-06-02,0,17
"Rose, Ashley  ",10054,0,3,0,1,5,3,0," $60,627 ",0,19,Production Technician I,MA,1886,1974-05-12,49,F,Separated,US Citizen,No,White,2014-06-01,,,N/A-StillEmployed,Active,Production       ,David Stanley,14,Website,Fully Meets,5,4,0,2019-01-31,0,8
"Rossetti, Bruno",10065,0,0,1,5,5,3,0," $53,180 ",1,19,Production Technician I,MA,2155,1987-03-18,36,M ,Single,US Citizen,No,White,2011-04-04,,2018-08-13,Another position,Voluntarily Terminated,Production       ,Kissy Sullivan,20,Google Search,Fully Meets,5,5,0,2018-02-07,0,4
"Roup,Simon",10198,0,0,1,1,3,3,0," $140,920 ",0,13,IT Manager - DB,MA,2481,1973-05-04,50,M ,Single,US Citizen,No,White,2013-01-20,,,N/A-StillEmployed,Active,IT/IS,Jennifer Zamora,5,Indeed,Fully Meets,3.6,5,7,2019-02-18,0,13
"Ruiz, Ricardo",10222,0,2,1,5,3,3,1," $148,999 ",1,13,IT Manager - DB,MA,1915,1964-04-01,59,M ,Divorced,US Citizen,No,Black or African American,2012-09-01,,2015-11-04,hours,Voluntarily Terminated,IT/IS,Jennifer Zamora,5,Diversity Job Fair,Fully Meets,4.3,4,6,2015-04-01,0,8
"Saada, Adell",10126,1,1,0,1,4,3,0," $86,214 ",0,24,Software Engineer,MA,2132,1986-07-24,36,F,Married,US Citizen,No,White,2012-05-11,,,N/A-StillEmployed,Active,Software Engineering,Alex Sweetwater,10,Indeed,Fully Meets,4.2,3,6,2019-02-13,0,2
"Saar-Beckles, Melinda",10295,0,0,0,2,5,2,1," $47,750 ",0,19,Production Technician I,MA,1801,1968-06-06,54,F,Single,US Citizen,No,Black or African American,2016-04-07,,,N/A-StillEmployed,Active,Production       ,Kelley Spirea,18,Diversity Job Fair,Needs Improvement,2.6,4,0,2019-02-18,5,4
"Sadki, Nore  ",10260,0,0,1,5,5,3,0," $46,428 ",1,19,Production Technician I,MA,2148,1974-12-21,48,M ,Single,US Citizen,No,White,2009-05-01,,2018-07-30,relocation out of area,Voluntarily Terminated,Production       ,Michael Albert,22,Google Search,Fully Meets,4.6,5,0,2018-05-02,0,7
"Sahoo, Adil",10233,1,1,1,1,5,3,0," $57,975 ",0,20,Production Technician II,MA,2062,1986-04-26,37,M ,Married,US Citizen,No,White,2010-08-30,,,N/A-StillEmployed,Active,Production       ,Kelley Spirea,18,CareerBuilder,Fully Meets,4.1,3,0,2019-10-01,0,13
"Salter, Jason",10229,0,2,1,5,3,3,0," $88,527 ",1,9,Data Analyst ,MA,2452,1987-12-17,35,M ,Divorced,US Citizen,No,Black or African American,2015-05-01,,2015-10-31,hours,Voluntarily Terminated,IT/IS,Simon Roup,4,LinkedIn,Fully Meets,4.2,3,5,2015-04-20,0,2
"Sander, Kamrin",10169,1,1,0,1,5,3,0," $56,147 ",0,19,Production Technician I,MA,2154,1988-10-07,34,F,Married,US Citizen,No,Black or African American,2014-09-29,,,N/A-StillEmployed,Active,Production       ,Elijiah Gray,16,LinkedIn,Fully Meets,3.51,3,0,2019-02-18,0,2
"Sewkumar, Nori",10071,0,0,0,3,5,3,0," $50,923 ",0,19,Production Technician I,MA,2191,1975-10-03,47,F,Single,US Citizen,No,Asian,2013-09-30,,,N/A-StillEmployed,Active,Production       ,Webster Butler,,Google Search,Fully Meets,5,5,0,2019-06-02,0,14
"Shepard, Anita ",10179,1,1,0,1,3,3,0," $50,750 ",0,15,Network Engineer,MA,1773,1981-04-14,42,F,Married,US Citizen,No,White,2014-09-30,,,N/A-StillEmployed,Active,IT/IS,Peter Monroe,7,LinkedIn,Fully Meets,3.31,3,6,2019-07-01,0,7
"Shields, Seffi",10091,1,1,0,1,5,3,0," $52,087 ",0,19,Production Technician I,MA,2149,1985-08-24,37,F,Married,US Citizen,No,White,2013-08-19,,,N/A-StillEmployed,Active,Production       ,Amy Dunn,11,LinkedIn,Fully Meets,4.81,4,0,2019-02-15,0,15
"Simard, Kramer",10178,1,1,1,1,3,3,0," $87,826 ",0,9,Data Analyst,MA,2110,1970-08-02,52,M ,Married,US Citizen,Yes,White,2015-05-01,,,N/A-StillEmployed,Active,IT/IS,Simon Roup,4,Employee Referral,Fully Meets,3.32,3,7,2019-01-14,0,16
"Singh, Nan ",10039,0,0,0,1,1,3,0," $51,920 ",0,2,Administrative Assistant,MA,2330,1988-05-19,34,F,Single,US Citizen,No,White,2015-01-05,,,N/A-StillEmployed,Active,Admin Offices,Brandon R. LeBlanc,1,Website,Fully Meets,5,3,5,2019-01-15,0,2
"Sloan, Constance",10095,0,0,0,5,5,3,0," $63,878 ",1,20,Production Technician II,MA,1851,1987-11-25,35,F,Single,US Citizen,No,White,2009-10-26,,2015-04-08,maternity leave - did not return,Voluntarily Terminated,Production       ,Michael Albert,22,CareerBuilder,Fully Meets,4.68,4,0,2015-02-04,0,20
"Smith, Joe",10027,0,0,1,1,5,4,0," $60,656 ",0,20,Production Technician II,MA,2045,1963-10-30,59,M ,Single,US Citizen,No,White,2014-09-29,,,N/A-StillEmployed,Active,Production       ,Elijiah Gray,16,Indeed,Exceeds,4.3,3,0,2019-01-28,0,4
"Smith, John",10291,0,2,1,1,6,2,1," $72,992 ",0,21,Sales Manager,MA,1886,1984-08-16,38,M ,Divorced,US Citizen,No,Black or African American,2014-05-18,,,N/A-StillEmployed,Active,Sales,Debra Houlihan,15,Diversity Job Fair,Needs Improvement,2.4,4,0,2019-01-16,2,16
"Smith, Leigh Ann",10153,1,1,0,5,1,3,1," $55,000 ",1,2,Administrative Assistant,MA,1844,1987-06-14,35,F,Married,US Citizen,No,Black or African American,2011-09-26,,2013-09-25,career change,Voluntarily Terminated,Admin Offices,Brandon R. LeBlanc,1,Diversity Job Fair,Fully Meets,3.8,4,4,2013-08-15,0,17
"Smith, Sade",10157,0,0,0,1,5,3,0," $58,939 ",0,19,Production Technician I,MA,2130,1965-02-02,58,F,Single,US Citizen,No,White,2013-11-11,,,N/A-StillEmployed,Active,Production       ,Ketsia Liebig,19,Employee Referral,Fully Meets,3.73,3,0,2019-01-24,0,16
"Soto, Julia ",10119,1,1,0,1,3,3,0," $66,593 ",0,14,IT Support,MA,2360,1973-12-03,49,F,Married,US Citizen,No,Black or African American,2011-10-06,,,N/A-StillEmployed,Active,IT/IS,Eric Dougall,6,LinkedIn,Fully Meets,4.3,3,5,2019-08-02,0,19
"Soze, Keyser",10180,1,1,1,2,3,3,0," $87,565 ",0,28,Sr. Network Engineer,MA,1545,1983-09-02,39,M ,Married,US Citizen,No,Asian,2016-06-30,,,N/A-StillEmployed,Active,IT/IS,Peter Monroe,7,LinkedIn,Fully Meets,3.27,4,5,2019-01-14,0,13
"Sparks, Taylor  ",10302,1,1,0,1,5,1,0," $64,021 ",0,19,Production Technician I,MA,2093,1968-07-20,54,F,Married,US Citizen,No,White,2012-02-20,,,N/A-StillEmployed,Active,Production       ,Brannon Miller,12,Indeed,PIP,2.4,2,1,2019-02-25,6,20
"Spirea, Kelley",10090,1,1,0,1,5,3,0," $65,714 ",0,18,Production Manager,MA,2451,1975-09-30,47,F,Married,US Citizen,No,White,2012-02-10,,,N/A-StillEmployed,Active,Production       ,Janet King,2,LinkedIn,Fully Meets,4.83,5,0,2019-02-14,0,15
"Squatrito, Kristen",10030,0,2,0,5,5,4,0," $62,425 ",1,19,Production Technician I,MA,2359,1973-03-26,50,F,Divorced,US Citizen,No,White,2013-05-13,,2015-06-29,unhappy,Voluntarily Terminated,Production       ,David Stanley,14,LinkedIn,Exceeds,4.1,4,0,2015-02-03,0,16
"Stanford,Barbara  M",10278,0,2,0,1,5,3,0," $47,961 ",0,19,Production Technician I,MA,2050,1982-08-25,40,F,Divorced,US Citizen,No,Two or more races,2011-10-01,,,N/A-StillEmployed,Active,Production       ,Kissy Sullivan,20,Google Search,Fully Meets,4.1,4,0,2019-07-02,0,9
"Stansfield, Norman",10307,1,1,1,1,6,1,0," $58,273 ",0,3,Area Sales Manager,NV,89139,1974-09-05,48,M ,Married,US Citizen,No,White,2014-12-05,,,N/A-StillEmployed,Active,Sales,Lynn Daneault,21,Website,PIP,1.81,2,0,2019-01-17,3,5
"Steans, Tyrone  ",10147,0,0,1,1,1,3,0," $63,003 ",0,1,Accountant I,MA,2703,1986-01-09,37,M ,Single,US Citizen,No,White,2014-09-29,,,N/A-StillEmployed,Active,Admin Offices,Brandon R. LeBlanc,1,Indeed,Fully Meets,3.9,5,5,2019-01-18,0,9
"Stoica, Rick",10266,1,1,1,1,5,3,0," $61,355 ",0,19,Production Technician I,MA,2301,1985-03-14,38,M ,Married,US Citizen,No,Asian,2014-02-17,,,N/A-StillEmployed,Active,Production       ,Kelley Spirea,18,LinkedIn,Fully Meets,4.7,3,0,2019-11-01,0,4
"Strong, Caitrin",10241,1,1,0,1,6,3,0," $60,120 ",0,3,Area Sales Manager,MT,59102,1989-12-05,33,F,Married,US Citizen,No,Black or African American,2010-09-27,,,N/A-StillEmployed,Active,Sales,John Smith,17,Indeed,Fully Meets,4.1,4,0,2019-01-31,0,18
"Sullivan, Kissy ",10158,1,1,0,1,5,3,0," $63,682 ",0,18,Production Manager,MA,1776,1978-03-28,45,F,Married,US Citizen,No,Black or African American,2009-08-01,,,N/A-StillEmployed,Active,Production       ,Janet King,2,Indeed,Fully Meets,3.73,4,0,2019-01-24,0,12
"Sullivan, Timothy",10117,1,1,1,1,5,3,0," $63,025 ",0,19,Production Technician I,MA,2747,1982-07-10,40,M ,Married,US Citizen,Yes,White,2015-05-01,,,N/A-StillEmployed,Active,Production       ,Michael Albert,22,Google Search,Fully Meets,4.36,5,0,2019-01-24,0,10
"Sutwell, Barbara",10209,0,0,0,1,5,3,0," $59,238 ",0,19,Production Technician I,MA,2718,1968-08-15,54,F,Single,Eligible NonCitizen,No,Asian,2012-05-14,,,N/A-StillEmployed,Active,Production       ,Elijiah Gray,16,Indeed,Fully Meets,3.4,5,0,2019-01-31,0,13
"Szabo, Andrew",10024,0,0,1,1,4,4,0," $92,989 ",0,24,Software Engineer,MA,2140,1983-06-05,39,M ,Single,US Citizen,No,White,2014-07-07,,,N/A-StillEmployed,Active,Software Engineering,Alex Sweetwater,10,LinkedIn,Exceeds,4.5,5,5,2019-02-18,0,1
"Tannen, Biff",10173,1,1,1,1,3,3,0," $90,100 ",0,4,BI Developer,MA,2134,1987-10-24,35,M ,Married,US Citizen,No,White,2017-04-20,,,N/A-StillEmployed,Active,IT/IS,Brian Champaigne,13,Indeed,Fully Meets,3.4,3,6,2019-02-01,0,14
"Tavares, Desiree  ",10221,1,1,0,5,5,3,1," $60,754 ",1,19,Production Technician I,MA,1801,1975-03-04,48,F,Married,Non-Citizen,No,Black or African American,2009-04-27,,2013-04-01,Another position,Voluntarily Terminated,Production       ,Webster Butler,39,Diversity Job Fair,Fully Meets,4.5,5,0,2012-02-15,0,11
"Tejeda, Lenora ",10146,1,1,0,5,5,3,0," $72,202 ",1,20,Production Technician II,MA,2129,1953-05-24,69,F,Married,US Citizen,No,White,2011-05-16,,2017-07-08,Another position,Voluntarily Terminated,Production       ,Elijiah Gray,16,Google Search,Fully Meets,3.93,3,0,2017-04-18,0,3
"Terry, Sharlene ",10161,0,0,0,1,6,3,0," $58,370 ",0,3,Area Sales Manager,OR,97756,1965-07-05,57,F,Single,US Citizen,No,Black or African American,2014-09-29,,,N/A-StillEmployed,Active,Sales,Lynn Daneault,21,Indeed,Fully Meets,3.69,3,0,2019-01-28,0,18
"Theamstern, Sophia",10141,0,0,0,5,5,3,0," $48,413 ",1,19,Production Technician I,MA,2066,1965-09-05,57,F,Single,US Citizen,No,White,2011-05-07,,2016-09-05,return to school,Voluntarily Terminated,Production       ,Amy Dunn,11,Indeed,Fully Meets,3.98,4,0,2016-02-03,0,1
"Thibaud, Kenneth",10268,0,4,1,5,5,3,0," $67,176 ",1,20,Production Technician II,MA,2472,1975-09-16,47,M ,Widowed,US Citizen,No,White,2007-06-25,,2010-08-30,military,Voluntarily Terminated,Production       ,Webster Butler,39,Other,Fully Meets,4.1,4,0,2010-07-14,0,15
"Tippett, Jeanette",10123,0,2,0,1,5,3,0," $56,339 ",0,19,Production Technician I,MA,2093,1967-05-06,56,F,Divorced,US Citizen,No,Black or African American,2013-02-18,,,N/A-StillEmployed,Active,Production       ,Brannon Miller,12,Indeed,Fully Meets,4.21,5,0,2019-01-14,0,4
"Torrence, Jack",10013,0,3,1,1,6,4,0," $64,397 ",0,3,Area Sales Manager,ND,58782,1968-01-15,55,M ,Separated,US Citizen,No,White,2006-09-01,,,N/A-StillEmployed,Active,Sales,Lynn Daneault,21,Indeed,Exceeds,4.1,3,0,2019-04-01,0,6
"Trang, Mei",10287,0,0,0,1,5,2,0," $63,025 ",0,19,Production Technician I,MA,2021,1983-05-16,40,F,Single,US Citizen,No,White,2014-02-17,,,N/A-StillEmployed,Active,Production       ,David Stanley,14,LinkedIn,Needs Improvement,2.44,5,0,2019-11-02,4,18
"Tredinnick, Neville ",10044,1,1,1,5,3,3,0," $75,281 ",1,15,Network Engineer,MA,1420,1988-05-05,35,M ,Married,US Citizen,No,White,2015-05-01,,2016-02-12,medical issues,Voluntarily Terminated,IT/IS,Peter Monroe,7,CareerBuilder,Fully Meets,5,3,5,2015-04-15,0,11
"True, Edward",10102,0,0,1,5,4,3,1," $100,416 ",1,24,Software Engineer,MA,2451,1983-06-14,39,M ,Single,Non-Citizen,No,Black or African American,2013-02-18,,2018-04-15,medical issues,Voluntarily Terminated,Software Engineering,Alex Sweetwater,10,Diversity Job Fair,Fully Meets,4.6,3,4,2017-12-02,0,9
"Trzeciak, Cybil",10270,0,0,0,5,5,3,0," $74,813 ",1,20,Production Technician II,MA,1778,1985-03-15,38,F,Single,US Citizen,No,White,2011-10-01,,2014-07-02,unhappy,Voluntarily Terminated,Production       ,Amy Dunn,11,LinkedIn,Fully Meets,4.4,3,0,2014-05-01,0,5
"Turpin, Jumil",10045,1,1,1,1,3,3,0," $76,029 ",0,15,Network Engineer,MA,2343,1969-03-31,54,M ,Married,Eligible NonCitizen,No,White,2015-03-30,,,N/A-StillEmployed,Active,IT/IS,Peter Monroe,7,Employee Referral,Fully Meets,5,4,7,2019-01-14,0,8
"Valentin,Jackie",10205,1,1,0,1,6,3,0," $57,859 ",0,3,Area Sales Manager,AZ,85006,1991-05-23,31,F,Married,US Citizen,No,Two or more races,2011-05-07,,,N/A-StillEmployed,Active,Sales,John Smith,17,Indeed,Fully Meets,2.81,3,0,2019-01-17,0,16
"Veera, Abdellah ",10014,0,2,1,5,5,4,0," $58,523 ",1,19,Production Technician I,MA,2171,1987-01-31,36,M ,Divorced,US Citizen,No,White,2012-08-13,,2016-02-05,maternity leave - did not return,Voluntarily Terminated,Production       ,Kissy Sullivan,20,LinkedIn,Exceeds,4.5,5,0,2016-01-02,0,15
"Vega, Vincent",10144,0,2,1,1,5,3,0," $88,976 ",0,17,Production Manager,MA,2169,1968-10-10,54,M ,Divorced,US Citizen,No,White,2011-01-08,,,N/A-StillEmployed,Active,Production       ,Janet King,2,Employee Referral,Fully Meets,3.93,3,0,2019-02-27,0,19
"Villanueva, Noah",10253,0,0,1,1,6,3,0," $55,875 ",0,3,Area Sales Manager,ME,4063,1989-11-07,33,M ,Single,US Citizen,No,Asian,2012-05-03,,,N/A-StillEmployed,Active,Sales,John Smith,17,Website,Fully Meets,4.5,4,0,2019-01-18,0,11
"Voldemort, Lord",10118,1,1,1,4,3,3,0," $113,999 ",1,8,Database Administrator,MA,1960,1986-07-08,36,M ,Married,US Citizen,No,Black or African American,2015-02-16,,2017-02-22,"no-call, no-show",Terminated for Cause,IT/IS,Simon Roup,4,Employee Referral,Fully Meets,4.33,3,7,2017-02-15,0,9
"Volk, Colleen",10022,1,1,0,4,5,4,0," $49,773 ",1,19,Production Technician I,MA,2747,1986-03-06,37,F,Married,US Citizen,No,White,2011-09-26,,2016-02-08,gross misconduct,Terminated for Cause,Production       ,Kelley Spirea,18,Google Search,Exceeds,4.3,5,0,2015-01-02,0,18
"Von Massenbach, Anna",10183,0,0,0,2,5,3,0," $62,068 ",0,19,Production Technician I,MA,2124,1985-06-04,37,F,Single,US Citizen,No,White,2015-05-07,,,N/A-StillEmployed,Active,Production       ,Michael Albert,22,LinkedIn,Fully Meets,3.21,3,0,2019-01-29,0,7
"Walker, Roger",10190,0,0,1,1,5,3,0," $66,541 ",0,20,Production Technician II,MA,2459,1976-10-02,46,M ,Single,US Citizen,No,Black or African American,2014-08-18,,,N/A-StillEmployed,Active,Production       ,Ketsia Liebig,19,Employee Referral,Fully Meets,3.11,5,0,2019-12-02,0,4
"Wallace, Courtney  E",10274,1,1,0,5,5,3,1," $80,512 ",1,18,Production Manager,MA,2478,1955-11-14,67,F,Married,US Citizen,No,Black or African American,2011-09-26,,2012-01-02,Another position,Voluntarily Terminated,Production       ,Janet King,2,Diversity Job Fair,Fully Meets,4.5,3,0,2012-02-01,0,5
"Wallace, Theresa",10293,0,0,0,5,5,2,0," $50,274 ",1,19,Production Technician I,MA,1887,1980-02-08,43,F,Single,US Citizen,No,White,2012-08-13,,2015-09-01,career change,Voluntarily Terminated,Production       ,Elijiah Gray,16,CareerBuilder,Needs Improvement,2.5,3,0,2014-05-09,6,13
"Wang, Charlie",10172,0,0,1,1,3,3,0," $84,903 ",0,22,Senior BI Developer,MA,1887,1981-08-07,41,M ,Single,US Citizen,No,Asian,2017-02-15,,,N/A-StillEmployed,Active,IT/IS,Brian Champaigne,13,Indeed,Fully Meets,3.42,4,7,2019-04-01,0,17
"Warfield, Sarah",10127,0,4,0,1,3,3,0," $107,226 ",0,28,Sr. Network Engineer,MA,2453,1978-02-05,45,F,Widowed,US Citizen,No,Asian,2015-03-30,,,N/A-StillEmployed,Active,IT/IS,Peter Monroe,7,Employee Referral,Fully Meets,4.2,4,8,2019-05-02,0,7
"Whittier, Scott",10072,0,0,1,5,5,3,0," $58,371 ",1,19,Production Technician I,MA,2030,1987-05-24,35,M ,Single,US Citizen,Yes,White,2011-10-01,,2014-05-15,hours,Voluntarily Terminated,Production       ,Webster Butler,39,LinkedIn,Fully Meets,5,5,0,2014-05-15,0,11
"Wilber, Barry",10048,1,1,1,5,5,3,0," $55,140 ",1,19,Production Technician I,MA,2324,1965-09-09,57,M ,Married,Eligible NonCitizen,No,White,2011-05-16,,2015-09-07,unhappy,Voluntarily Terminated,Production       ,Amy Dunn,11,Website,Fully Meets,5,3,0,2015-02-15,0,7
"Wilkes, Annie",10204,0,2,0,5,5,3,0," $58,062 ",1,19,Production Technician I,MA,1876,1983-07-30,39,F,Divorced,US Citizen,No,White,2011-10-01,,2012-05-14,Another position,Voluntarily Terminated,Production       ,Ketsia Liebig,19,Google Search,Fully Meets,3.6,5,0,2011-06-02,0,9
"Williams, Jacquelyn  ",10264,0,0,0,5,5,3,1," $59,728 ",1,19,Production Technician I,MA,2109,1969-02-10,54,F,Single,US Citizen,Yes,Black or African American,2012-09-01,,2015-06-27,relocation out of area,Voluntarily Terminated,Production       ,Ketsia Liebig,19,Diversity Job Fair,Fully Meets,4.3,4,0,2014-02-06,0,16
"Winthrop, Jordan  ",10033,0,0,1,5,5,4,0," $70,507 ",1,20,Production Technician II,MA,2045,1958-07-11,64,M ,Single,US Citizen,No,White,2013-07-01,,2016-02-21,retiring,Voluntarily Terminated,Production       ,Brannon Miller,12,LinkedIn,Exceeds,5,3,0,2016-01-19,0,7
"Wolk, Hang  T",10174,0,0,0,1,5,3,0," $60,446 ",0,20,Production Technician II,MA,2302,1985-04-20,38,F,Single,US Citizen,No,White,2014-09-29,,,N/A-StillEmployed,Active,Production       ,David Stanley,14,LinkedIn,Fully Meets,3.4,4,0,2019-02-21,0,14
"Woodson, Jason",10135,0,0,1,1,5,3,0," $65,893 ",0,20,Production Technician II,MA,1810,1985-11-05,37,M ,Single,US Citizen,No,White,2014-07-07,,,N/A-StillEmployed,Active,Production       ,Kissy Sullivan,20,LinkedIn,Fully Meets,4.07,4,0,2019-02-28,0,13
"Ybarra, Catherine ",10301,0,0,0,5,5,1,0," $48,513 ",1,19,Production Technician I,MA,2458,1982-04-05,41,F,Single,US Citizen,No,Asian,2008-02-09,,2015-09-29,Another position,Voluntarily Terminated,Production       ,Brannon Miller,12,Google Search,PIP,3.2,2,0,2015-02-09,5,4
"Zamora, Jennifer",10010,0,0,0,1,3,4,0," $220,450 ",0,6,CIO,MA,2067,1979-08-30,43,F,Single,US Citizen,No,White,2010-10-04,,,N/A-StillEmployed,Active,IT/IS,Janet King,2,Employee Referral,Exceeds,4.6,5,6,2019-02-21,0,16
"Zhou, Julia",10043,0,0,0,1,3,3,0," $89,292 ",0,9,Data Analyst,MA,2148,1979-02-24,44,F,Single,US Citizen,No,White,2015-03-30,,,N/A-StillEmployed,Active,IT/IS,Simon Roup,4,Employee Referral,Fully Meets,5,3,5,2019-01-02,0,11
"Zima, Colleen",10271,0,4,0,1,5,3,0," $45,046 ",0,19,Production Technician I,MA,1730,1978-08-17,44,F,Widowed,US Citizen,No,Asian,2014-09-29,,,N/A-StillEmployed,Active,Production       ,David Stanley,14,LinkedIn,Fully Meets,4.5,5,0,2019-01-30,0,2